source,id,name,old_category_id,predicted_category_id,predicted_name,confidence,reason
supplier_products,ecaf860d-758f-4736-8a99-1edda6d09762,Martino Organic Chickpea Couscous,d1adcc9f-c6a7-40a2-a4a9-5cfbc7d10dad,ff746938-df89-47ad-9551-b174340c7ce1,Pasta/Noodles,high,"Couscous is a pasta/grain-based product. Although it contains chickpea (a legume), the primary product form is couscous (a prepared grain), not a protein isolate or meat alternative. Belongs in Pasta/Noodles category."
supplier_products,c4c1ff1a-08f1-422c-98a9-ab0f0c010694,Essential Oils,d1adcc9f-c6a7-40a2-a4a9-5cfbc7d10dad,unclassified,Unclassified,high,Essential oils are not food products; they are cosmetic/wellness ingredients outside the scope of this food sourcing platform's allowed categories.
supplier_products,1642eec7-9953-4ebf-8db6-c62fb7166f3f,Organic Antipasti,d1adcc9f-c6a7-40a2-a4a9-5cfbc7d10dad,6b051f68-90c2-4ba4-9535-f678cd268cf8,Canned & Preserved Goods,high,"Antipasti are preserved/pickled vegetable and ingredient mixtures, typically canned or jarred shelf-stable products, fitting Canned & Preserved Goods."
supplier_products,21946f53-3daa-45ae-addf-f1a7d631b9df,Organic Button Mushrooms,d1adcc9f-c6a7-40a2-a4a9-5cfbc7d10dad,unclassified,Unclassified,high,"Organic button mushrooms are fresh produce, not covered by any allowed category in this food sourcing list"
supplier_products,3a06841e-0917-43b7-88a9-1714dc92fc24,Grape Products,d1adcc9f-c6a7-40a2-a4a9-5cfbc7d10dad,unclassified,Unclassified,high,"Grape products (fresh, dried, juice, wine, etc.) do not match any allowed category. Not a processed snack, confectionery, canned good, protein, sauce, beverage, or other listed type. Requires custom category."
supplier_products,ff557bb1-993e-442c-abc6-095349727bb4,Panettone,d1adcc9f-c6a7-40a2-a4a9-5cfbc7d10dad,8660789d-00a3-49d2-8489-6b42f2345b7a,Bakery & Bread Products,high,"Panettone is a traditional Italian sweet bread/cake product, falls under Bakery & Bread Products category"
supplier_products,1b77f064-738f-4f29-adc9-0167604a4138,Silverskin Onions,d1adcc9f-c6a7-40a2-a4a9-5cfbc7d10dad,unclassified,Unclassified,high,"Silverskin onions are fresh produce/vegetables. No fresh produce category exists in allowed list. Canned Vegetables & Pulses requires preserved/canned format, not fresh."
supplier_products,f32dad1c-18a5-4666-b76d-c161a8ae7957,Jalapeños,d1adcc9f-c6a7-40a2-a4a9-5cfbc7d10dad,bd1da832-15dd-4186-b365-3e26b38bbdbe,Canned Vegetables & Pulses,high,"Jalapeños are preserved/canned peppers, fitting Canned Vegetables & Pulses category"
supplier_products,0d9b32c4-1f3c-48ac-96d0-14a9171fcb23,Organic Pomegranate Vinegar,d1adcc9f-c6a7-40a2-a4a9-5cfbc7d10dad,24768201-755e-4560-b283-46cbbabcd27b,Specialty Sauces & Condiments,high,"Pomegranate vinegar is a liquid condiment/flavoring ingredient used in cooking and food preparation, fitting Specialty Sauces & Condiments category."
supplier_products,b612945e-80c1-4ce5-8e3d-4d5f7393d8d2,Organic Button Mushrooms,d1adcc9f-c6a7-40a2-a4a9-5cfbc7d10dad,unclassified,Unclassified,high,"Organic button mushrooms are fresh produce/vegetables. No allowed category matches fresh mushrooms. 'Canned Vegetables & Pulses' is for preserved items only, not fresh produce."
supplier_products,12c26827-9a52-4056-9328-f92a3c8ad747,Organic Olives,d1adcc9f-c6a7-40a2-a4a9-5cfbc7d10dad,6b051f68-90c2-4ba4-9535-f678cd268cf8,Canned & Preserved Goods,high,"Organic olives are preserved/canned vegetables, fitting Canned & Preserved Goods category"
supplier_products,098f752a-fe65-428d-8afe-8934d9f9abd4,Organic Breadcrumbs,d1adcc9f-c6a7-40a2-a4a9-5cfbc7d10dad,8660789d-00a3-49d2-8489-6b42f2345b7a,Bakery & Bread Products,high,"Breadcrumbs are a finished bakery ingredient product derived from bread, directly fitting Bakery & Bread Products category"
supplier_products,4e83bd37-66cf-4c94-8d2b-01ca43afe859,Organic Frozen Vegetables,d1adcc9f-c6a7-40a2-a4a9-5cfbc7d10dad,c49e821f-fff8-4ac1-af10-c6db4c8564ab,Prepared Meals (Frozen & Shelf-Stable),high,Frozen vegetables explicitly match the conflict rule: 'Frozen vegetables / frozen ready items -> Prepared Meals (Frozen & Shelf-Stable)'
supplier_products,f8f7ac5d-0246-4d7d-a199-c27a28a21e7f,Freeze-Dried Superfoods,d1adcc9f-c6a7-40a2-a4a9-5cfbc7d10dad,unclassified,Unclassified,high,"Freeze-dried superfoods (acai, goji, berries, etc.) are nutritional/health products that don't fit cleanly into any allowed category. Not savory snacks, not breakfast cereals, not confectionery, not ingredients/additives (retail SKU, not B2B raw input), not plant-based protein unless explicitly protein-focused. No natural home."
supplier_products,de9d9d30-b323-4801-8564-a6bf484da35f,Fruit Cells,d1adcc9f-c6a7-40a2-a4a9-5cfbc7d10dad,unclassified,Unclassified,high,"'Fruit Cells' is ambiguous without product form/usage context. Could be freeze-dried fruit pieces, fruit-based ingredient, or processed fruit product. None of the allowed categories explicitly cover generic fruit products or fruit-based ingredients without further specification."
supplier_products,e091f610-ccb7-4594-aa5e-d632d96598e6,Croissants,d1adcc9f-c6a7-40a2-a4a9-5cfbc7d10dad,8660789d-00a3-49d2-8489-6b42f2345b7a,Bakery & Bread Products,high,"Croissants are a finished bakery product, classified under Bakery & Bread Products regardless of organic/natural labeling."
supplier_products,bd2a17e5-7f13-460d-8dae-e6dff367da05,Tartlets,d1adcc9f-c6a7-40a2-a4a9-5cfbc7d10dad,91549ddb-1b13-4058-82f6-f1d86475ea0f,Sweet Biscuits & Bars,high,"Tartlets are small pastry-based desserts, typically filled with sweet ingredients. They fit the definition of sweet baked goods/confections closest to Sweet Biscuits & Bars category."
supplier_products,cd448b2e-cbf8-4dc3-83fc-3ba5180630a8,Deionized Juice,d1adcc9f-c6a7-40a2-a4a9-5cfbc7d10dad,32eace2c-ac37-4168-b93b-005748119293,Beverages (Non-Alcoholic),high,"Deionized juice is a beverage product, regardless of organic/natural claims. Juice falls under Beverages (Non-Alcoholic)."
supplier_products,6daa6625-57b2-4652-ab95-3231e3bbb5d4,Rectified Juice,d1adcc9f-c6a7-40a2-a4a9-5cfbc7d10dad,32eace2c-ac37-4168-b93b-005748119293,Beverages (Non-Alcoholic),high,"Rectified juice is a processed beverage product (juice concentrate or clarified juice), belongs in Beverages (Non-Alcoholic)"
supplier_products,ba790fca-5af3-4f42-8f6b-a35aa53bf5b4,Clarified Juice,d1adcc9f-c6a7-40a2-a4a9-5cfbc7d10dad,32eace2c-ac37-4168-b93b-005748119293,Beverages (Non-Alcoholic),high,"Clarified juice is a beverage product, non-alcoholic, typically a processed/filtered juice drink."
supplier_products,a69cfed6-952a-493c-b134-a075a40c8cc7,Organic Citrus Honey,d1adcc9f-c6a7-40a2-a4a9-5cfbc7d10dad,baf81f58-194d-4810-9367-152fac1349bf,Sugars & Sweeteners,high,Honey is explicitly classified as Sugars & Sweeteners per conflict rules
supplier_products,fcda3f1f-c151-415f-8c26-ab53315e03b1,Plumcakes,d1adcc9f-c6a7-40a2-a4a9-5cfbc7d10dad,91549ddb-1b13-4058-82f6-f1d86475ea0f,Sweet Biscuits & Bars,high,Plumcakes are sweet baked goods/cakes; classified as Sweet Biscuits & Bars per conflict rules for plain/sweet bakery items
supplier_products,bdfab612-221b-4c6f-9df8-b9270ba6e075,Organic Cherry Honey,d1adcc9f-c6a7-40a2-a4a9-5cfbc7d10dad,baf81f58-194d-4810-9367-152fac1349bf,Sugars & Sweeteners,high,Honey is explicitly classified as Sugars & Sweeteners per conflict rules
supplier_products,2ad0ed03-8a5d-4a07-8285-600fce8f50f5,Organic Rosemary Honey,d1adcc9f-c6a7-40a2-a4a9-5cfbc7d10dad,baf81f58-194d-4810-9367-152fac1349bf,Sugars & Sweeteners,high,"Honey is explicitly listed in conflict rules as Sugars & Sweeteners category. Rosemary is a flavoring addition, not the primary product."
supplier_products,70a243bd-c9b9-4209-aded-a1565f551a5c,Organic Dried Berries,d1adcc9f-c6a7-40a2-a4a9-5cfbc7d10dad,unclassified,Unclassified,high,"Organic dried berries are a whole fruit snack/ingredient not explicitly matching any allowed category. Not savory snacks, not sweet biscuits, not breakfast cereals, not confectionery. Closest would be 'Canned & Preserved Goods' but dried berries differ in processing/format. Safest classification is unclassified to avoid forced misplacement."
supplier_products,ae3e043c-c12d-4bea-b5f4-4cd9608985aa,NFC Cold Pressed Juice,d1adcc9f-c6a7-40a2-a4a9-5cfbc7d10dad,32eace2c-ac37-4168-b93b-005748119293,Beverages (Non-Alcoholic),high,"NFC cold pressed juice is a non-alcoholic beverage product, clearly fitting Beverages (Non-Alcoholic)"
supplier_products,fb643038-45af-4216-b651-59a2015326fe,Fruit Puree,d1adcc9f-c6a7-40a2-a4a9-5cfbc7d10dad,unclassified,Unclassified,high,"Fruit puree is a processed fruit product that does not align with any allowed category. It is not a preserved good, ingredient additive, sauce, spread, or beverage. No exact match exists in the provided list."
supplier_products,100643f9-6416-4f24-a821-6226b928eb29,Concentrated Fruit Puree,d1adcc9f-c6a7-40a2-a4a9-5cfbc7d10dad,0a8f2c3c-b4ed-4759-849d-a545cdf551a2,Ingredients & Additives,high,"Concentrated fruit puree is a B2B raw ingredient/functional input used in manufacturing beverages, desserts, sauces, and other products. It is not a finished retail SKU and belongs in Ingredients & Additives."
supplier_products,29557340-0f4a-47cd-8577-439ef6809261,Organic Rhododendron Honey,d1adcc9f-c6a7-40a2-a4a9-5cfbc7d10dad,baf81f58-194d-4810-9367-152fac1349bf,Sugars & Sweeteners,high,Honey is explicitly listed in conflict rules as Sugars & Sweeteners category
supplier_products,79f7c161-339f-4e24-8177-058a04477844,Swiss Rolls,d1adcc9f-c6a7-40a2-a4a9-5cfbc7d10dad,91549ddb-1b13-4058-82f6-f1d86475ea0f,Sweet Biscuits & Bars,high,"Swiss Rolls are sweet baked confections/cakes. While they contain chocolate coating, they are primarily a baked sweet biscuit/bar product, not pure chocolate. Fits Sweet Biscuits & Bars category."
supplier_products,aca0f758-00af-4032-a963-4d9da8905d8b,Concentrated Vegetable Puree,d1adcc9f-c6a7-40a2-a4a9-5cfbc7d10dad,bd1da832-15dd-4186-b365-3e26b38bbdbe,Canned Vegetables & Pulses,high,"Concentrated vegetable puree is a processed vegetable product, best classified as Canned Vegetables & Pulses. It is a preserved/shelf-stable vegetable ingredient commonly used in food service."
supplier_products,c14ad62a-131a-4ce2-954a-d4eadd92e1e4,Sponge Snacks,d1adcc9f-c6a7-40a2-a4a9-5cfbc7d10dad,91549ddb-1b13-4058-82f6-f1d86475ea0f,Sweet Biscuits & Bars,medium,"Sponge snacks are cake-like baked goods; classified as Sweet Biscuits & Bars due to similar texture/consumption profile, though 'sponge' suggests cake rather than biscuit. No exact cake category available."
supplier_products,85a04bd0-b16a-4041-9dec-a8afb626a69b,Organic Essential Oils,d1adcc9f-c6a7-40a2-a4a9-5cfbc7d10dad,unclassified,Unclassified,high,"Essential oils are cosmetic/aromatherapy products, not food items. Outside scope of B2B food sourcing platform."
supplier_products,169c2480-81f9-48d2-8f85-f7b486be90dd,Gherkins,d1adcc9f-c6a7-40a2-a4a9-5cfbc7d10dad,6b051f68-90c2-4ba4-9535-f678cd268cf8,Canned & Preserved Goods,high,"Gherkins are pickled/preserved cucumbers, a canned preserved good. Best match is 'Canned & Preserved Goods' over 'Canned Vegetables & Pulses' as gherkins are a preserve/condiment product rather than plain vegetable."
supplier_products,c71a5f2b-0ef6-462f-af5f-2cf85e63c4b7,PizzaMI Pizza Dough,d1adcc9f-c6a7-40a2-a4a9-5cfbc7d10dad,8660789d-00a3-49d2-8489-6b42f2345b7a,Bakery & Bread Products,high,"Pizza dough is a prepared bread/bakery product, typically sold as a finished or semi-finished SKU for baking pizza bases."
supplier_products,09d95de3-01fd-4f0d-bd6c-2ac49d42edb6,PizzaMI Mini Bread Rolls (Panini),d1adcc9f-c6a7-40a2-a4a9-5cfbc7d10dad,8660789d-00a3-49d2-8489-6b42f2345b7a,Bakery & Bread Products,high,"Mini bread rolls (panini) are a finished bakery product, explicitly fitting Bakery & Bread Products category."
supplier_products,a382e750-cda0-4bd2-a57d-1075692e2114,Diced Tomatoes,d1adcc9f-c6a7-40a2-a4a9-5cfbc7d10dad,2b5f3c21-1770-4da3-b0ec-6147ffbcc8c7,Tomato Products,high,"Diced tomatoes are canned/preserved tomato product, explicitly matching the Tomato Products conflict rule."
supplier_products,d76bc9ff-7ca7-4ddb-a23a-0f339aea283b,Oat Hoops Cereal,d1adcc9f-c6a7-40a2-a4a9-5cfbc7d10dad,a230a819-c000-4eee-b56e-3eea4e4f350c,Breakfast Cereals,high,"Oat Hoops Cereal is explicitly a breakfast cereal product, matching the Breakfast Cereals category exactly."
supplier_products,0b037ee8-30a0-47e4-9572-061d79fef93c,Porridges,d1adcc9f-c6a7-40a2-a4a9-5cfbc7d10dad,a230a819-c000-4eee-b56e-3eea4e4f350c,Breakfast Cereals,high,"Porridges are breakfast cereals/cereal products, organic/natural designation is a marketing attribute not a category modifier."
supplier_products,ec55ca1e-080b-401f-8455-69e79c7c7653,Organic Muesli,d1adcc9f-c6a7-40a2-a4a9-5cfbc7d10dad,a230a819-c000-4eee-b56e-3eea4e4f350c,Breakfast Cereals,high,"Organic Muesli is a breakfast cereal product — grain-based, ready-to-eat breakfast item. Matches 'Breakfast Cereals' category explicitly."
supplier_products,ef736421-ecaa-4660-ba66-b710af8842c2,Freeze-Dried Raspberry Powder,d1adcc9f-c6a7-40a2-a4a9-5cfbc7d10dad,0a8f2c3c-b4ed-4759-849d-a545cdf551a2,Ingredients & Additives,high,"Freeze-dried raspberry powder is a B2B raw ingredient/functional additive used in beverages, desserts, and food manufacturing—not a finished retail product. Fits Ingredients & Additives as a dry fruit powder input."
supplier_products,1bbfd6e1-663d-40f2-b8b6-2408d23d676a,Freeze-Dried Raspberry Whole,d1adcc9f-c6a7-40a2-a4a9-5cfbc7d10dad,unclassified,Unclassified,high,"Freeze-dried whole raspberries are a processed fruit ingredient/topping, not matching any allowed category. Could be B2B ingredient stock or retail SKU component, but no 'Dried Fruits' or 'Fruit Products' category exists in the allowed list."
supplier_products,9697d4a6-d23f-40a4-9850-5739326e391e,Taralli Bio Organic,d1adcc9f-c6a7-40a2-a4a9-5cfbc7d10dad,f20fccd2-3bbe-4b7d-9b01-6424ef184fba,Savory Snacks & Cereals,high,Taralli are Italian savory ring-shaped crackers/snacks. Organic labeling does not change classification. Matches Savory Snacks & Cereals.
supplier_products,bf329aa1-a767-483d-8510-0e435ec92214,Dehydrated Onion,d1adcc9f-c6a7-40a2-a4a9-5cfbc7d10dad,0a8f2c3c-b4ed-4759-849d-a545cdf551a2,Ingredients & Additives,high,"Dehydrated onion is a B2B raw ingredient/culinary additive used in food manufacturing, not a finished retail product. Fits Ingredients & Additives."
supplier_products,c5238f3d-1868-4e78-80d7-0948ee8d1ecd,Organic Frozen Vegetables,d1adcc9f-c6a7-40a2-a4a9-5cfbc7d10dad,c49e821f-fff8-4ac1-af10-c6db4c8564ab,Prepared Meals (Frozen & Shelf-Stable),high,Frozen vegetables are explicitly covered by the conflict rule: 'Frozen vegetables / frozen ready items -> Prepared Meals (Frozen & Shelf-Stable)'
supplier_products,3e77e17d-2fe3-48c3-8369-3f4c8502b709,Anydro Organic Sweet Tomato,d1adcc9f-c6a7-40a2-a4a9-5cfbc7d10dad,2b5f3c21-1770-4da3-b0ec-6147ffbcc8c7,Tomato Products,high,"'Sweet Tomato' is a tomato product. Despite 'sweet' descriptor, primary ingredient is tomato. Matches Tomato Products category per conflict rules for canned/preserved tomato items."
supplier_products,24019939-457c-4a03-8f69-4b3d89a0dd45,PizzaMI Pizza Base,d1adcc9f-c6a7-40a2-a4a9-5cfbc7d10dad,8660789d-00a3-49d2-8489-6b42f2345b7a,Bakery & Bread Products,high,"Pizza base is a bread/bakery product — pre-made dough base for pizza assembly, belongs in Bakery & Bread Products"
supplier_products,8886ddb9-c40d-4aa4-a940-4cee3fe6f370,Freeze-Dried Pear Cubes,d1adcc9f-c6a7-40a2-a4a9-5cfbc7d10dad,unclassified,Unclassified,high,"Freeze-dried fruit cubes do not match any allowed category. Not a snack, biscuit, cereal, chocolate item, canned good, vegetable, meat, fish, dairy, dessert, ingredient, herb, protein, bread, sauce, beverage, oil, pasta, prepared meal, or sweetener."
supplier_products,030d406f-1f8d-415d-9ac1-8e003616334c,Red Grapefruit Juice Concentrate,d1adcc9f-c6a7-40a2-a4a9-5cfbc7d10dad,32eace2c-ac37-4168-b93b-005748119293,Beverages (Non-Alcoholic),high,"Juice concentrate is a beverage product, classified under Beverages (Non-Alcoholic)"
supplier_products,b51d52c4-2420-488d-8aef-1b644d3fa337,Essences and Aromas for Baking,d1adcc9f-c6a7-40a2-a4a9-5cfbc7d10dad,0a8f2c3c-b4ed-4759-849d-a545cdf551a2,Ingredients & Additives,high,"Essences and aromas are B2B raw input ingredients used in baking production, not finished retail SKUs. Fits Ingredients & Additives."
supplier_products,9a08e52c-76b8-41db-b569-6f1da3ff2033,Plant-Based Products,d1adcc9f-c6a7-40a2-a4a9-5cfbc7d10dad,unclassified,Unclassified,high,"Generic category label without specific product type. 'Plant-Based Products' alone is too broad and vague — does not indicate whether it's a protein isolate, finished snack, beverage, or other SKU. Cannot assign without explicit product intent."
supplier_products,b524d17e-487a-4e5c-b5e5-589dc5c3903b,Freeze-Dried Fig Slices,d1adcc9f-c6a7-40a2-a4a9-5cfbc7d10dad,unclassified,Unclassified,high,"Freeze-dried fig slices are a dried fruit snack product. No allowed category explicitly covers dried fruits or fruit snacks. 'Savory Snacks & Cereals' is savory-focused; 'Sweet Biscuits & Bars' requires biscuit/bar structure; 'Canned & Preserved Goods' is for canned/jarred items, not freeze-dried. Does not fit any defined category."
supplier_products,707e833d-1f31-4a28-afde-f529afd248a5,Dehydrated Culinary Herbs,d1adcc9f-c6a7-40a2-a4a9-5cfbc7d10dad,8899bfa4-1ca9-451b-8fdb-242231a6d2f0,Herbs,high,"Dehydrated culinary herbs are explicitly herbs, matching the dedicated 'Herbs' category"
supplier_products,a6ff9fea-3512-48f1-bd9d-5ed1cfa8f377,Aromatic Seeds,d1adcc9f-c6a7-40a2-a4a9-5cfbc7d10dad,8899bfa4-1ca9-451b-8fdb-242231a6d2f0,Herbs,high,"Aromatic seeds (cumin, coriander, fennel, etc.) are culinary herbs/spices used as flavoring ingredients, matching the Herbs category."
supplier_products,b36e4561-1d04-468f-bef4-43dd3e8a2731,Organic Certified Line (Bio Bronte),d1adcc9f-c6a7-40a2-a4a9-5cfbc7d10dad,unclassified,Unclassified,high,Product text describes only a brand/line name ('Bio Bronte') with certification claim ('Organic & Natural') but contains no actual product type or SKU information. Cannot classify without knowing what the product is (food category unknown).
supplier_products,698b3675-0546-494b-8c72-63c61bc40f0c,Madagascar Bourbon Pure Vanilla Extract,d1adcc9f-c6a7-40a2-a4a9-5cfbc7d10dad,0a8f2c3c-b4ed-4759-849d-a545cdf551a2,Ingredients & Additives,high,"Vanilla extract is a B2B ingredient/flavoring agent used in food manufacturing, fits Ingredients & Additives classification"
supplier_products,078fcc5b-44ca-43bd-977a-42c992f5657c,Freeze-Dried Kiwi Cubes,d1adcc9f-c6a7-40a2-a4a9-5cfbc7d10dad,unclassified,Unclassified,high,"Freeze-dried fruit cubes do not fit any allowed category. Not a savory snack, biscuit, cereal, confectionery, canned good, vegetable, tomato product, protein, bakery item, sauce, beverage, oil, pasta, prepared meal, or sweetener."
supplier_products,2003b7e2-a393-4685-9e0b-910171aad589,Dried Chestnuts,d1adcc9f-c6a7-40a2-a4a9-5cfbc7d10dad,unclassified,Unclassified,high,"Dried chestnuts are a whole food/nut product with no matching category. 'Savory Snacks & Cereals' is closest but explicitly covers processed snacks/cereals, not whole dried nuts. 'Canned & Preserved Goods' is for canned/preserved items, not dried whole foods."
supplier_products,45f732b7-7c4c-4119-99ab-6a7c61de25e8,Martino Organic Tomato Couscous,d1adcc9f-c6a7-40a2-a4a9-5cfbc7d10dad,ff746938-df89-47ad-9551-b174340c7ce1,Pasta/Noodles,high,"Couscous is a pasta/grain product. Primary ingredient is couscous with tomato flavoring. Tomato is secondary flavoring, not the primary preserved tomato product."
supplier_products,603f679e-2aba-47b0-902a-cbad4cdaed58,Sweet Corn,d1adcc9f-c6a7-40a2-a4a9-5cfbc7d10dad,bd1da832-15dd-4186-b365-3e26b38bbdbe,Canned Vegetables & Pulses,high,"Sweet corn is a canned or preserved vegetable product, matching 'Canned Vegetables & Pulses' category."
supplier_products,037dad0f-772c-419e-991f-481a9025d6d7,Freeze-Dried Aronia Whole Berries,d1adcc9f-c6a7-40a2-a4a9-5cfbc7d10dad,unclassified,Unclassified,high,"Freeze-dried whole berries are a processed fruit product that does not match any allowed category. Not a snack, cereal, confectionery, preserved good, vegetable, sauce, ingredient, herb, protein, bakery item, beverage, oil, pasta, meal, or sweetener."
supplier_products,7ec78fa9-dd7d-4d01-b2a1-b4c32821715b,Green Peas,d1adcc9f-c6a7-40a2-a4a9-5cfbc7d10dad,bd1da832-15dd-4186-b365-3e26b38bbdbe,Canned Vegetables & Pulses,high,"Green peas are a canned/preserved vegetable and pulse product, fitting squarely in 'Canned Vegetables & Pulses' category."
supplier_products,a09e1d0f-d06e-4b1c-bafb-d396aa11d9a2,Biobiscotto Wholegrain,d1adcc9f-c6a7-40a2-a4a9-5cfbc7d10dad,91549ddb-1b13-4058-82f6-f1d86475ea0f,Sweet Biscuits & Bars,high,"Biobiscotto is a wholegrain biscuit product. Plain biscuits fall under Sweet Biscuits & Bars per conflict rules, not Savory Snacks & Cereals."
supplier_products,ae0d7a1b-eaa8-4256-94ac-db9d74743047,Biobiscotto Without Milk and Eggs,d1adcc9f-c6a7-40a2-a4a9-5cfbc7d10dad,91549ddb-1b13-4058-82f6-f1d86475ea0f,Sweet Biscuits & Bars,high,"Biobiscotto is a plain biscuit/cookie product. Per conflict rules, plain biscuits and cookies belong in Sweet Biscuits & Bars, not Confectionery & Chocolate. The dairy-free/egg-free specification is a dietary attribute, not a category determinant."
supplier_products,e135b414-e134-4dbd-a86b-510b6fe987d4,Sponge Cakes,d1adcc9f-c6a7-40a2-a4a9-5cfbc7d10dad,8660789d-00a3-49d2-8489-6b42f2345b7a,Bakery & Bread Products,high,Sponge cakes are baked goods that fall squarely within Bakery & Bread Products category
supplier_products,df05fa9a-6462-4c24-9034-12e29146caa1,Relish,d1adcc9f-c6a7-40a2-a4a9-5cfbc7d10dad,24768201-755e-4560-b283-46cbbabcd27b,Specialty Sauces & Condiments,high,"Relish is a condiment/pickle product, a prepared sauce or relish topping. Fits Specialty Sauces & Condiments."
supplier_products,dea37ba3-5cf1-472a-986e-42bd2eaf16af,Frozen Blueberries,d1adcc9f-c6a7-40a2-a4a9-5cfbc7d10dad,unclassified,Unclassified,high,"Frozen blueberries are a frozen fruit product. No allowed category explicitly covers frozen fruits or produce. 'Prepared Meals (Frozen & Shelf-Stable)' is for ready-to-eat items, not raw frozen ingredients. 'Canned & Preserved Goods' and 'Canned Vegetables & Pulses' are for canned/preserved formats, not frozen. Product does not match any allowed category."
supplier_products,081a3ff6-1d44-47da-b806-a87f79deffe4,Anydro Organic Tomato Paste,d1adcc9f-c6a7-40a2-a4a9-5cfbc7d10dad,2b5f3c21-1770-4da3-b0ec-6147ffbcc8c7,Tomato Products,high,Tomato paste is explicitly canned/preserved tomato product per conflict rule — maps to Tomato Products category
supplier_products,816c325b-4f1c-4e53-9d62-f805e21df0ee,Italfree Pizza Base,d1adcc9f-c6a7-40a2-a4a9-5cfbc7d10dad,8660789d-00a3-49d2-8489-6b42f2345b7a,Bakery & Bread Products,high,"Pizza base is a bakery/bread product — a pre-made dough foundation for pizza assembly, fits Bakery & Bread Products category"
supplier_products,02243bfd-9de2-4b79-812d-4f05f10b2212,Italfree Pizza Dough,d1adcc9f-c6a7-40a2-a4a9-5cfbc7d10dad,8660789d-00a3-49d2-8489-6b42f2345b7a,Bakery & Bread Products,high,"Pizza dough is a prepared bakery/bread product, finished retail SKU for B2B food sourcing"
supplier_products,6362c93b-9472-412d-abb9-6fec2d97d134,Organic Fairtrade Madagascar Bourbon Pure Vanilla Extract,d1adcc9f-c6a7-40a2-a4a9-5cfbc7d10dad,0a8f2c3c-b4ed-4759-849d-a545cdf551a2,Ingredients & Additives,high,"Vanilla extract is a B2B raw ingredient/flavoring used in food manufacturing, not a finished retail SKU. Fits Ingredients & Additives."
supplier_products,dcfa311f-2681-480c-8174-f57137fdea25,Muesli with Dried Fruits,d1adcc9f-c6a7-40a2-a4a9-5cfbc7d10dad,a230a819-c000-4eee-b56e-3eea4e4f350c,Breakfast Cereals,high,"Muesli is a breakfast cereal product containing grains and dried fruits, directly matching Breakfast Cereals category"
supplier_products,c34db1d3-5798-4b8c-89c0-38c2b72bf26a,Tricioli Snacks,d1adcc9f-c6a7-40a2-a4a9-5cfbc7d10dad,f20fccd2-3bbe-4b7d-9b01-6424ef184fba,Savory Snacks & Cereals,high,Tricioli Snacks is a savory snack product (organic & natural positioning typical of crackers/chips category)
supplier_products,bc5790b2-5ef6-40b2-a603-d7336f7ea68a,Quadrotti Snacks,d1adcc9f-c6a7-40a2-a4a9-5cfbc7d10dad,f20fccd2-3bbe-4b7d-9b01-6424ef184fba,Savory Snacks & Cereals,high,"Quadrotti is a savory snack product (crispy baked squares/nuggets), organic & natural positioning confirms savory snack classification, not sweet biscuits or confectionery"
supplier_products,d96a9e62-ad24-41a3-9eed-1d58be462842,Targrissi Snacks,d1adcc9f-c6a7-40a2-a4a9-5cfbc7d10dad,unclassified,Unclassified,low,"Product name 'Targrissi Snacks' lacks specificity on snack type (savory vs. sweet). Without clarity on whether it is a savory cracker/chip product or sweet biscuit/bar, assignment risks misclassification. Requires product description detailing ingredients or format."
supplier_products,69d4cf66-01fd-4fe4-9fa1-bf1d08b9c6cd,Frozen Strawberries,d1adcc9f-c6a7-40a2-a4a9-5cfbc7d10dad,unclassified,Unclassified,high,"Frozen strawberries are a frozen fruit product. No category in the allowed list covers frozen fruits or fruit products. 'Prepared Meals (Frozen & Shelf-Stable)' is for ready items, not raw frozen fruit. 'Canned & Preserved Goods' is for canned/preserved items, not frozen. Product does not match any allowed category."
supplier_products,38ef2135-5af8-43b6-b212-e52f3d17e2fa,Frozen Raspberries,d1adcc9f-c6a7-40a2-a4a9-5cfbc7d10dad,unclassified,Unclassified,high,"Frozen raspberries (fruit) do not match any allowed category. Closest would be 'Prepared Meals (Frozen & Shelf-Stable)' but that is for ready items, not plain frozen fruit ingredients."
supplier_products,3df212f7-7f69-46a5-ae1e-7a45720919b4,Martino Organic Corn Couscous,d1adcc9f-c6a7-40a2-a4a9-5cfbc7d10dad,ff746938-df89-47ad-9551-b174340c7ce1,Pasta/Noodles,high,"Couscous is a grain-based pasta product, classified under Pasta/Noodles category"
supplier_products,bd23024c-82ff-4f5e-8de8-bff80d0cdcc1,Porridge Blend,d1adcc9f-c6a7-40a2-a4a9-5cfbc7d10dad,a230a819-c000-4eee-b56e-3eea4e4f350c,Breakfast Cereals,high,"Porridge blend is a breakfast cereal product—dry oat/grain mixture consumed as a morning meal, fits Breakfast Cereals exactly."
supplier_products,8205ca2b-7ace-40c0-8718-caface7e809f,Muffins,d1adcc9f-c6a7-40a2-a4a9-5cfbc7d10dad,8660789d-00a3-49d2-8489-6b42f2345b7a,Bakery & Bread Products,high,"Muffins are baked goods; they belong in Bakery & Bread Products, not Sweet Biscuits & Bars (which is for plain biscuits/cookies per conflict rules)."
supplier_products,cd084d37-009f-4660-b4eb-3a0b75b1ee16,Fresh Red Beetroot,d1adcc9f-c6a7-40a2-a4a9-5cfbc7d10dad,unclassified,Unclassified,high,Fresh red beetroot is a raw produce item; no allowed category covers fresh vegetables/produce
supplier_products,cd4372d1-f31b-4372-a255-7e122c8fa4eb,Fresh Yellow Beetroot,d1adcc9f-c6a7-40a2-a4a9-5cfbc7d10dad,unclassified,Unclassified,high,Fresh yellow beetroot is a fresh produce item; no allowed category exists for fresh vegetables/produce in the provided list
supplier_products,0c35288c-01e0-41d2-8adf-71af41fd841a,Fresh Chioggia Beetroot,d1adcc9f-c6a7-40a2-a4a9-5cfbc7d10dad,unclassified,Unclassified,high,"Fresh beetroot is a raw vegetable/produce item. No allowed category covers fresh produce vegetables. Closest options (Canned Vegetables & Pulses, Ingredients & Additives) do not apply: product is fresh, not canned/preserved, and not a B2B raw input ingredient."
supplier_products,7b800925-34fe-41d9-b9c5-897243d4e3c1,Peeled and Steamed Marrons,d1adcc9f-c6a7-40a2-a4a9-5cfbc7d10dad,bd1da832-15dd-4186-b365-3e26b38bbdbe,Canned Vegetables & Pulses,high,Marrons (chestnuts) that are peeled and steamed fall under canned/preserved vegetables. This is a processed vegetable product in shelf-stable form.
supplier_products,66e84e5b-9416-4ca4-9f23-3f6bd161af93,Natura Natural Food Products,d1adcc9f-c6a7-40a2-a4a9-5cfbc7d10dad,unclassified,Unclassified,high,"Company/brand name only, no specific product details provided. Cannot classify without knowing actual product type (snack, sauce, oil, etc.)."
supplier_products,7b11fbe5-6476-4d9c-aa79-bc562cd76a52,White Grape Concentrate,d1adcc9f-c6a7-40a2-a4a9-5cfbc7d10dad,baf81f58-194d-4810-9367-152fac1349bf,Sugars & Sweeteners,high,"White grape concentrate is a fruit juice concentrate/sweetener solution, fits Sugars & Sweeteners category per conflict rules (syrups, sweetener solutions)"
supplier_products,51bded8f-69b5-4821-817b-46a221dd6d0d,Orange Fruit Products,d1adcc9f-c6a7-40a2-a4a9-5cfbc7d10dad,unclassified,Unclassified,high,Orange fruit products (fresh citrus) do not match any allowed category. No fruit/produce category exists in the allowed list.
supplier_products,7e320347-fd01-45fb-adf8-e2ba0c103b9c,Fruit and Vegetable Blends,d1adcc9f-c6a7-40a2-a4a9-5cfbc7d10dad,unclassified,Unclassified,high,"Fruit and Vegetable Blends are not explicitly matched by allowed categories. Could be beverage, juice, prepared meal, or canned product depending on form/processing — insufficient specificity to assign without guessing."
supplier_products,6d44cf2b-4175-48b6-af69-155dce6afcad,Granola with Seeds,d1adcc9f-c6a7-40a2-a4a9-5cfbc7d10dad,a230a819-c000-4eee-b56e-3eea4e4f350c,Breakfast Cereals,high,"Granola with seeds is a breakfast cereal product—ready-to-eat grain-based breakfast food, distinct from savory cereals or sweet biscuits."
supplier_products,1df67ece-dd7c-4778-a4ab-ba6701efdfe6,Whole Wheat Taralli,d1adcc9f-c6a7-40a2-a4a9-5cfbc7d10dad,f20fccd2-3bbe-4b7d-9b01-6424ef184fba,Savory Snacks & Cereals,high,"Taralli are Italian savory ring-shaped crackers/snacks, made from wheat. Despite 'whole wheat' descriptor, they are inherently savory crackers, not sweet biscuits or bakery bread products."
supplier_products,01dad1d3-ebfc-41d1-bf71-1b26fd50f257,Multi-Grain Taralli,d1adcc9f-c6a7-40a2-a4a9-5cfbc7d10dad,f20fccd2-3bbe-4b7d-9b01-6424ef184fba,Savory Snacks & Cereals,high,"Taralli is a savory Italian cracker/snack made with grain. Multi-grain variant with organic/natural positioning fits Savory Snacks & Cereals, not bakery or confectionery."
supplier_products,f9fcbb03-fc33-4b67-a734-fcfe3b5109bc,NFC Orange Juice,d1adcc9f-c6a7-40a2-a4a9-5cfbc7d10dad,32eace2c-ac37-4168-b93b-005748119293,Beverages (Non-Alcoholic),high,NFC orange juice is a non-alcoholic beverage product; fits clearly in Beverages (Non-Alcoholic)
supplier_products,931427a9-db53-41ad-9c89-0739cb6456c1,Organic Coriander Honey,d1adcc9f-c6a7-40a2-a4a9-5cfbc7d10dad,baf81f58-194d-4810-9367-152fac1349bf,Sugars & Sweeteners,high,Honey is a sweetener solution per conflict rules; Sugars & Sweeteners category
supplier_products,ea88ec0e-350f-4519-b227-2b4127d2cdc9,Vegetable Puree,d1adcc9f-c6a7-40a2-a4a9-5cfbc7d10dad,bd1da832-15dd-4186-b365-3e26b38bbdbe,Canned Vegetables & Pulses,high,"Vegetable puree is a processed vegetable product, fits Canned Vegetables & Pulses category as a preserved/shelf-stable vegetable ingredient"
supplier_products,4b509d94-0a2c-42fd-ab77-632dfdaf15df,Turmeric,d1adcc9f-c6a7-40a2-a4a9-5cfbc7d10dad,8899bfa4-1ca9-451b-8fdb-242231a6d2f0,Herbs,high,"Turmeric is a spice/herb used in culinary applications, explicitly matching the 'Herbs' category"
supplier_products,5e4d1356-a54b-4652-89fc-1f270328fdf6,Chilli,d1adcc9f-c6a7-40a2-a4a9-5cfbc7d10dad,8899bfa4-1ca9-451b-8fdb-242231a6d2f0,Herbs,high,"Chilli is a dried spice/herb ingredient, explicitly matching the Herbs category"
supplier_products,4056567c-4fbd-493c-9311-ef38ac1d9101,Dehydrated Garlic,d1adcc9f-c6a7-40a2-a4a9-5cfbc7d10dad,8899bfa4-1ca9-451b-8fdb-242231a6d2f0,Herbs,high,"Dehydrated garlic is a dried herb/spice ingredient, fits Herbs category"
supplier_products,ea60b326-3ab5-4127-9945-71e271f185c6,Pomegranate Juice Concentrate,d1adcc9f-c6a7-40a2-a4a9-5cfbc7d10dad,32eace2c-ac37-4168-b93b-005748119293,Beverages (Non-Alcoholic),high,"Pomegranate juice concentrate is a beverage product, classified as non-alcoholic beverage"
supplier_products,00d5b175-ab1b-46bb-b9bb-ef0c16595f9b,Organic Extra Virgin Olive Oil,d1adcc9f-c6a7-40a2-a4a9-5cfbc7d10dad,85998961-842d-4171-9198-07f8a7409b9d,"Fats, Oils & Spreads",high,"Edible oil (extra virgin olive oil) matches Fats, Oils & Spreads per conflict rules"
supplier_products,e6079088-f26b-4b48-b2df-48df988c175e,Anydro Organic Sundried Tomato,d1adcc9f-c6a7-40a2-a4a9-5cfbc7d10dad,2b5f3c21-1770-4da3-b0ec-6147ffbcc8c7,Tomato Products,high,"Sundried tomato is a preserved tomato product, matching Tomato Products category definition"
supplier_products,9ec00797-1b53-4bba-a86d-115ff63d1e66,Organic Frozen Fruits,d1adcc9f-c6a7-40a2-a4a9-5cfbc7d10dad,unclassified,Unclassified,high,Organic frozen fruits do not match any allowed category. Frozen fruits are neither prepared meals nor fit snacks/cereals/proteins/sauces. No produce/fruit category exists in allowed list.
supplier_products,ba0c6c88-3565-4791-ac9c-71038439802c,Organic Bananas,d1adcc9f-c6a7-40a2-a4a9-5cfbc7d10dad,unclassified,Unclassified,high,"Organic bananas are fresh fruit. No allowed category covers fresh produce/fruits. All listed categories are processed, preserved, or specialty foods."
supplier_products,e69c7577-9d54-4848-b6f8-06a3c6a8ccc2,Biobiscotto with Spelt and Chocolate Chips,d1adcc9f-c6a7-40a2-a4a9-5cfbc7d10dad,91549ddb-1b13-4058-82f6-f1d86475ea0f,Sweet Biscuits & Bars,high,"Biscotto is a plain biscuit/cookie product with chocolate chips. Conflict rule: chocolate-coated/chocolate-inclusive biscuits default to Sweet Biscuits & Bars when the primary product is biscuit, not chocolate-focused spread/confectionery."
supplier_products,d42aff1c-efb5-495a-90cf-957e78623434,Organic Dried Apples,d1adcc9f-c6a7-40a2-a4a9-5cfbc7d10dad,6b051f68-90c2-4ba4-9535-f678cd268cf8,Canned & Preserved Goods,high,"Organic dried apples are preserved fruit, fitting Canned & Preserved Goods category for shelf-stable, preserved produce items."
supplier_products,23c05849-7538-4d94-b89d-29232bf2d586,Muesli with Dark Chocolate,d1adcc9f-c6a7-40a2-a4a9-5cfbc7d10dad,a230a819-c000-4eee-b56e-3eea4e4f350c,Breakfast Cereals,high,"Muesli is a breakfast cereal product. Although it contains dark chocolate, the primary product classification is breakfast cereal, not confectionery. The chocolate is an ingredient/component, not the defining characteristic."
supplier_products,b6f319dd-368d-464a-89a7-7490e3682744,Gluten-Free Taralli,d1adcc9f-c6a7-40a2-a4a9-5cfbc7d10dad,f20fccd2-3bbe-4b7d-9b01-6424ef184fba,Savory Snacks & Cereals,high,"Taralli is a savory Italian cracker/snack product. Gluten-free and organic attributes are product variants, not category drivers. Fits Savory Snacks & Cereals definition."
supplier_products,38d68dc8-b850-4b31-90cd-809f39c8f7d4,PizzaMI Margherita Pizza,d1adcc9f-c6a7-40a2-a4a9-5cfbc7d10dad,c49e821f-fff8-4ac1-af10-c6db4c8564ab,Prepared Meals (Frozen & Shelf-Stable),high,"PizzaMI Margherita Pizza is a prepared frozen or shelf-stable pizza meal product, matching Prepared Meals (Frozen & Shelf-Stable) category definition."
supplier_products,a6fbd55d-b330-4753-8b56-ab208779a50d,Muesli with Raspberry,d1adcc9f-c6a7-40a2-a4a9-5cfbc7d10dad,a230a819-c000-4eee-b56e-3eea4e4f350c,Breakfast Cereals,high,Muesli is a breakfast cereal product. Raspberry flavoring and organic/natural positioning do not change its core classification as a breakfast cereal.
supplier_products,d71243fb-2f44-4e97-99bd-58d9ed126d72,Freeze-Dried Blueberry Whole,d1adcc9f-c6a7-40a2-a4a9-5cfbc7d10dad,unclassified,Unclassified,high,"Freeze-dried whole blueberries are a preserved fruit ingredient/topping without a dedicated category in the allowed list. Not a snack, cereal, confectionery, sauce, or protein product. Closest match (Canned & Preserved Goods) is typically for wet-preserved items, not freeze-dried whole fruits."
supplier_products,01421fa9-8141-4833-8f55-67e105479d6d,Plant-Based Products,d1adcc9f-c6a7-40a2-a4a9-5cfbc7d10dad,unclassified,Unclassified,high,Generic umbrella category label with no specific product details. 'Plant-Based Products' alone is insufficient to assign to Plant-Based Proteins (requires explicit protein focus) or any other category. Requires actual product SKU/name to classify.
supplier_products,4ca3f74f-c7ae-428b-9592-d51bc4f9b960,Freeze-Dried Aronia Powder,d1adcc9f-c6a7-40a2-a4a9-5cfbc7d10dad,0a8f2c3c-b4ed-4759-849d-a545cdf551a2,Ingredients & Additives,high,"Freeze-dried aronia powder is a B2B raw ingredient/additive used in food formulation, beverages, and supplements. Not a finished retail SKU or protein product."
supplier_products,2aeffd88-0ce1-47fe-a81d-e93fac1ed8f3,Organic Rice Vinegar,d1adcc9f-c6a7-40a2-a4a9-5cfbc7d10dad,24768201-755e-4560-b283-46cbbabcd27b,Specialty Sauces & Condiments,high,"Rice vinegar is a liquid condiment/seasoning used in cooking and food preparation, fits Specialty Sauces & Condiments category"
supplier_products,5f1a52b0-40a4-4b13-a69a-ec00dfd7faee,Orange Juice Concentrate,d1adcc9f-c6a7-40a2-a4a9-5cfbc7d10dad,32eace2c-ac37-4168-b93b-005748119293,Beverages (Non-Alcoholic),high,"Orange juice concentrate is a non-alcoholic beverage product, even in concentrated form it remains a drink ingredient/product for the beverage category."
supplier_products,18930e09-d5b3-43c0-a223-3aaed2317943,Bio Fermented Sauerkraut,d1adcc9f-c6a7-40a2-a4a9-5cfbc7d10dad,6b051f68-90c2-4ba4-9535-f678cd268cf8,Canned & Preserved Goods,high,"Bio fermented sauerkraut is a preserved vegetable product, fitting Canned & Preserved Goods as the best match among available categories."
supplier_products,60719778-af92-448f-980b-c79d3b0746d0,Italfree Margherita Pizza,d1adcc9f-c6a7-40a2-a4a9-5cfbc7d10dad,c49e821f-fff8-4ac1-af10-c6db4c8564ab,Prepared Meals (Frozen & Shelf-Stable),high,"Italfree Margherita Pizza is a prepared frozen/shelf-stable ready meal product, matching Prepared Meals (Frozen & Shelf-Stable) category."
supplier_products,fb928cb4-966e-4119-8630-74a39b104cb8,Concentrated Juice,d1adcc9f-c6a7-40a2-a4a9-5cfbc7d10dad,32eace2c-ac37-4168-b93b-005748119293,Beverages (Non-Alcoholic),high,"Concentrated juice is a beverage product, belongs in Beverages (Non-Alcoholic)"
supplier_products,8b4e9d7c-4c6d-4044-b437-45e8b3dcc86a,Wellness Snacks,d1adcc9f-c6a7-40a2-a4a9-5cfbc7d10dad,unclassified,Unclassified,high,"Generic marketing descriptor without specific product type. 'Wellness Snacks — Organic & Natural' lacks concrete product identification (e.g., bar, cracker, cereal, nut mix). Cannot assign to Sweet Biscuits & Bars, Savory Snacks & Cereals, or Breakfast Cereals without explicit product form/ingredient confirmation."
supplier_products,0a282eba-d988-4d32-904c-56fe7d568b5f,Bruschette,d1adcc9f-c6a7-40a2-a4a9-5cfbc7d10dad,f20fccd2-3bbe-4b7d-9b01-6424ef184fba,Savory Snacks & Cereals,high,"Bruschette are savory toasted bread appetizers/snacks, typically topped with tomato, garlic, herbs. Classifies as Savory Snacks & Cereals."
supplier_products,a6525816-222e-45a8-b0ce-04f32cd3442e,PizzaMI Focaccina,d1adcc9f-c6a7-40a2-a4a9-5cfbc7d10dad,8660789d-00a3-49d2-8489-6b42f2345b7a,Bakery & Bread Products,high,"Focaccina is a Italian flatbread/bread product, fits Bakery & Bread Products category"
supplier_products,f6b3af36-4be3-4cbb-9267-c95c9d7f7327,Organic Fruit Powder,d1adcc9f-c6a7-40a2-a4a9-5cfbc7d10dad,unclassified,Unclassified,high,"Organic fruit powder is a raw ingredient/additive, but 'Ingredients & Additives' is restricted to B2B raw inputs only and this appears to be a finished retail SKU. No allowed category explicitly covers fruit powders as a finished product."
supplier_products,3e329d6f-973e-4bb0-9d90-5f5c1680fe29,Martino Organic Pea Couscous,d1adcc9f-c6a7-40a2-a4a9-5cfbc7d10dad,ff746938-df89-47ad-9551-b174340c7ce1,Pasta/Noodles,high,"Couscous is a grain-based pasta product, classified under Pasta/Noodles. The pea component is an ingredient/flavor addition, not the primary protein focus that would trigger Plant-Based Proteins classification."
supplier_products,a32cd127-0db9-4ff6-9e5c-644d64351974,Fresh Apples,d1adcc9f-c6a7-40a2-a4a9-5cfbc7d10dad,unclassified,Unclassified,high,Fresh Apples (raw produce) not covered by allowed category list
supplier_products,75f90bb1-f8b0-4574-b10f-337d06857509,Organic Orange Sweet Potato Vegetable Chips,d1adcc9f-c6a7-40a2-a4a9-5cfbc7d10dad,f20fccd2-3bbe-4b7d-9b01-6424ef184fba,Savory Snacks & Cereals,high,"Vegetable chips are savory snacks made from vegetables, fitting the Savory Snacks & Cereals category. The 'sweet potato' base and 'chips' format confirm savory snack classification, not a confectionery or other category."
supplier_products,115cba65-1ed7-44fc-82db-03b95f73a4ea,Martino Organic Red Lentil Couscous,d1adcc9f-c6a7-40a2-a4a9-5cfbc7d10dad,ff746938-df89-47ad-9551-b174340c7ce1,Pasta/Noodles,high,"Red lentil couscous is a couscous-based grain product, which falls under Pasta/Noodles category as a shelf-stable grain alternative product."
supplier_products,80bfa89d-0349-4cf1-b612-c0e3a3609c0d,Organic Fusilli,d1adcc9f-c6a7-40a2-a4a9-5cfbc7d10dad,ff746938-df89-47ad-9551-b174340c7ce1,Pasta/Noodles,high,Fusilli is a pasta shape; product is explicitly pasta regardless of organic certification
supplier_products,3f0749dd-654e-4ecb-ac58-88ce1b668784,Tomato Puree,d1adcc9f-c6a7-40a2-a4a9-5cfbc7d10dad,2b5f3c21-1770-4da3-b0ec-6147ffbcc8c7,Tomato Products,high,"Tomato puree is a processed tomato product (concentrated form of tomato), explicitly covered by Tomato Products category per conflict rules."
supplier_products,32f88cc8-ed2b-4c1a-89e7-3c80baafcb57,Organic Tomato Paste,d1adcc9f-c6a7-40a2-a4a9-5cfbc7d10dad,2b5f3c21-1770-4da3-b0ec-6147ffbcc8c7,Tomato Products,high,"Tomato paste is a canned/preserved tomato product, explicitly matching the conflict rule for Tomato Products category."
supplier_products,bea57e1d-24c3-4d02-9698-5c3ef9e30b75,Organic Peanut Butter,d1adcc9f-c6a7-40a2-a4a9-5cfbc7d10dad,85998961-842d-4171-9198-07f8a7409b9d,"Fats, Oils & Spreads",high,"Peanut butter is a spread made from peanuts, falls under Fats, Oils & Spreads category per conflict rules for edible spreads."
supplier_products,c27d63f5-eaa5-4169-b795-225fac80984c,Puffed Rice Original,d1adcc9f-c6a7-40a2-a4a9-5cfbc7d10dad,a230a819-c000-4eee-b56e-3eea4e4f350c,Breakfast Cereals,high,"Puffed rice is a breakfast cereal product, distinct from savory snacks despite being puffed grain. Primary use case is breakfast consumption."
supplier_products,864929f7-366c-4c8b-9566-fc4990e683ee,Multigrain Rice & Corn Flakes,d1adcc9f-c6a7-40a2-a4a9-5cfbc7d10dad,a230a819-c000-4eee-b56e-3eea4e4f350c,Breakfast Cereals,high,"Multigrain rice & corn flakes is a ready-to-eat breakfast cereal product, explicitly matching Breakfast Cereals category"
supplier_products,0187f9d5-a0b5-44fb-a018-9e33418b7c63,Frise (Apulian Rusks),d1adcc9f-c6a7-40a2-a4a9-5cfbc7d10dad,8660789d-00a3-49d2-8489-6b42f2345b7a,Bakery & Bread Products,high,"Frise are Apulian rusks — twice-baked bread products, a traditional bakery item. Classifies as Bakery & Bread Products."
supplier_products,1bf76dfd-e766-4bc8-8427-6cbb234998d9,Oat Flakes,d1adcc9f-c6a7-40a2-a4a9-5cfbc7d10dad,a230a819-c000-4eee-b56e-3eea4e4f350c,Breakfast Cereals,high,"Oat Flakes are a cereal grain product, clearly belonging to Breakfast Cereals category"
supplier_products,a84abc98-35ca-431b-96bd-2840d2a3680d,Baby Corn,d1adcc9f-c6a7-40a2-a4a9-5cfbc7d10dad,bd1da832-15dd-4186-b365-3e26b38bbdbe,Canned Vegetables & Pulses,high,"Baby corn is a preserved vegetable product, typically canned or jarred. Matches 'Canned Vegetables & Pulses' category."
supplier_products,df41f8fc-0482-4ed4-92ea-18494f92839f,Organic Pasta,d1adcc9f-c6a7-40a2-a4a9-5cfbc7d10dad,ff746938-df89-47ad-9551-b174340c7ce1,Pasta/Noodles,high,"Organic pasta is a finished pasta product, directly matching Pasta/Noodles category"
supplier_products,7aec881a-6efa-400e-9ef1-217f70612000,Granoro Bio Organic Pasta,d1adcc9f-c6a7-40a2-a4a9-5cfbc7d10dad,ff746938-df89-47ad-9551-b174340c7ce1,Pasta/Noodles,high,Granoro Bio Organic Pasta is a pasta product; matches Pasta/Noodles category explicitly.
supplier_products,be1f8e5f-4292-4b79-a258-49391fe69d70,Organic Whole Wheat Penne,d1adcc9f-c6a7-40a2-a4a9-5cfbc7d10dad,ff746938-df89-47ad-9551-b174340c7ce1,Pasta/Noodles,high,"Organic whole wheat penne is a pasta product, fits explicitly into Pasta/Noodles category"
supplier_products,15bb8961-dc6d-4ab0-9e51-d9db8504fd37,Organic Batter Mixes,d1adcc9f-c6a7-40a2-a4a9-5cfbc7d10dad,8660789d-00a3-49d2-8489-6b42f2345b7a,Bakery & Bread Products,high,"Batter mixes are dry ingredient preparations used in baking/bread-making, core Bakery & Bread Products category"
supplier_products,f2a9b924-805b-4f1d-bde9-4fd39fb8541b,Lemon Juice Concentrate Cloudy 400GPL,d1adcc9f-c6a7-40a2-a4a9-5cfbc7d10dad,24768201-755e-4560-b283-46cbbabcd27b,Specialty Sauces & Condiments,high,"Lemon juice concentrate is a liquid flavoring/condiment ingredient used in cooking and beverages, fits Specialty Sauces & Condiments category."
supplier_products,1b1f4fac-236d-4599-86f4-4b9b471b5937,Martino Organic Spinach Couscous,d1adcc9f-c6a7-40a2-a4a9-5cfbc7d10dad,ff746938-df89-47ad-9551-b174340c7ce1,Pasta/Noodles,high,"Couscous is a grain-based pasta/noodle product. The spinach flavoring is an ingredient addition, not a primary classification driver. Fits Pasta/Noodles category."
supplier_products,12964ece-3ec8-4e14-8121-26e838328318,Organic Gluten-Free Corn and Rice Spaghetti,d1adcc9f-c6a7-40a2-a4a9-5cfbc7d10dad,ff746938-df89-47ad-9551-b174340c7ce1,Pasta/Noodles,high,"Product is spaghetti (pasta/noodles), explicitly identified as corn and rice-based pasta. Organic/gluten-free attributes do not change the core product classification."
supplier_products,4ead3180-1277-457c-b82b-ab27ade18022,Frozen Blackberries,d1adcc9f-c6a7-40a2-a4a9-5cfbc7d10dad,unclassified,Unclassified,high,"Frozen blackberries (fruit) do not match any allowed category. Closest would be 'Prepared Meals (Frozen & Shelf-Stable)' but that targets frozen ready-to-eat items, not plain frozen fruit. Product requires a 'Frozen Fruit' or 'Fresh & Frozen Produce' category not in the allowed list."
supplier_products,8ab2706c-4939-4a27-bae6-0abcb9ae6e2d,Classic Taralli,d1adcc9f-c6a7-40a2-a4a9-5cfbc7d10dad,f20fccd2-3bbe-4b7d-9b01-6424ef184fba,Savory Snacks & Cereals,high,"Taralli is a savory Italian cracker/pretzel-like snack. Classic/organic positioning confirms savory snack intent, not sweet biscuit."
supplier_products,caaef548-921f-441a-8d62-4d75d990aea9,Natural Seitan,d1adcc9f-c6a7-40a2-a4a9-5cfbc7d10dad,18f4fb10-0337-45c8-a9d3-d063052db846,Plant-Based Proteins,high,"Seitan is a wheat-based meat alternative protein product, explicitly protein-focused and plant-based. Fits Plant-Based Proteins category."
supplier_products,d21cea02-a6a4-4071-84ff-c0c3b879ec1a,Tempeh Bar,d1adcc9f-c6a7-40a2-a4a9-5cfbc7d10dad,18f4fb10-0337-45c8-a9d3-d063052db846,Plant-Based Proteins,high,Tempeh is a fermented soy-based protein product. Explicitly protein-focused finished SKU matching Plant-Based Proteins category.
supplier_products,d0250138-3654-4eb0-952f-afdcb56fda97,Tofu Cubes,d1adcc9f-c6a7-40a2-a4a9-5cfbc7d10dad,18f4fb10-0337-45c8-a9d3-d063052db846,Plant-Based Proteins,high,"Tofu is a soy-based protein product and plant-based meat alternative, explicitly fitting Plant-Based Proteins category definition."
supplier_products,9f1b2e91-040f-4798-be58-58ff0d9203ab,Tofu,d1adcc9f-c6a7-40a2-a4a9-5cfbc7d10dad,18f4fb10-0337-45c8-a9d3-d063052db846,Plant-Based Proteins,high,"Tofu is a soy-based protein product, explicitly protein-focused and qualifies as a plant-based protein ingredient for B2B food sourcing."
supplier_products,08a1a2d5-c5c4-4fd7-a001-29430a15a35f,Crispy Onions Organic,d1adcc9f-c6a7-40a2-a4a9-5cfbc7d10dad,f20fccd2-3bbe-4b7d-9b01-6424ef184fba,Savory Snacks & Cereals,high,"Crispy onions are a savory snack product — fried/crisped vegetable snacks belong in Savory Snacks & Cereals, not canned goods or ingredients."
supplier_products,88471753-d5c4-44d1-b42a-1fb7cef5adcb,Organic Rice,d1adcc9f-c6a7-40a2-a4a9-5cfbc7d10dad,a230a819-c000-4eee-b56e-3eea4e4f350c,Breakfast Cereals,high,"Organic rice is a staple grain product that belongs in Breakfast Cereals category, as rice is a primary cereal grain used for breakfast and general consumption."
supplier_products,6aeaef29-5114-4174-990f-0772a5794e5a,Organic Taralli,d1adcc9f-c6a7-40a2-a4a9-5cfbc7d10dad,f20fccd2-3bbe-4b7d-9b01-6424ef184fba,Savory Snacks & Cereals,high,"Taralli is a savory Italian snack/cracker product. Despite organic labeling, it is a savory cracker/snack, not a sweet biscuit or bread product."
supplier_products,f50891db-38e9-4588-b8eb-85bb0e11cb17,Organic Dried Apples,d1adcc9f-c6a7-40a2-a4a9-5cfbc7d10dad,unclassified,Unclassified,high,"Organic dried apples are a dried fruit snack/ingredient that does not fit the allowed categories. Not savory snacks, not sweet biscuits/bars, not breakfast cereals, not confectionery. Closest would be Canned & Preserved Goods, but dried fruit is distinct from canned/preserved formats and no fruit-specific category exists in the allowed list."
supplier_products,6052d36f-2694-4230-b2d5-5a8be8da9424,Organic Dried Prunes,d1adcc9f-c6a7-40a2-a4a9-5cfbc7d10dad,6b051f68-90c2-4ba4-9535-f678cd268cf8,Canned & Preserved Goods,high,"Dried prunes are preserved fruit, fitting Canned & Preserved Goods category for shelf-stable, processed fruit products"
supplier_products,f0796323-9ef1-4fc9-992b-93b175b0387c,Organic Dried Rose Hips,d1adcc9f-c6a7-40a2-a4a9-5cfbc7d10dad,8899bfa4-1ca9-451b-8fdb-242231a6d2f0,Herbs,high,"Dried rose hips are a botanical/herbal ingredient commonly used for tea infusions, health preparations, and culinary applications. Matches Herbs category."
supplier_products,9ee57c83-666d-4472-9589-6b60d0cd0427,Tomato Paste,d1adcc9f-c6a7-40a2-a4a9-5cfbc7d10dad,2b5f3c21-1770-4da3-b0ec-6147ffbcc8c7,Tomato Products,high,Tomato paste is explicitly listed in conflict rules as canned/preserved tomato product → Tomato Products category
supplier_products,aafd0efe-9fa1-4fc1-b3b1-c5b728a62fd7,Blackcurrant Concentrate,d1adcc9f-c6a7-40a2-a4a9-5cfbc7d10dad,baf81f58-194d-4810-9367-152fac1349bf,Sugars & Sweeteners,high,"Blackcurrant concentrate is a fruit syrup/sweetener solution, classified under Sugars & Sweeteners per conflict rules for syrups and sweetener solutions."
supplier_products,1d236729-affa-469f-84d7-7075533d4609,Fruit Purees,d1adcc9f-c6a7-40a2-a4a9-5cfbc7d10dad,6b051f68-90c2-4ba4-9535-f678cd268cf8,Canned & Preserved Goods,high,"Fruit purees are processed fruit products typically sold in cans or jars as preserved goods, fitting Canned & Preserved Goods category."
supplier_products,ed817f56-5b1f-4384-b00b-c44f68e9219b,Peeled and Frozen Chestnuts,d1adcc9f-c6a7-40a2-a4a9-5cfbc7d10dad,bd1da832-15dd-4186-b365-3e26b38bbdbe,Canned Vegetables & Pulses,high,Frozen chestnuts are a preserved vegetable/nut product; 'Canned Vegetables & Pulses' is the closest match for frozen prepared produce items in the allowed taxonomy.
supplier_products,19b143c5-6fe4-482d-9ab8-3d6b7f28728f,Organic Ginger,d1adcc9f-c6a7-40a2-a4a9-5cfbc7d10dad,8899bfa4-1ca9-451b-8fdb-242231a6d2f0,Herbs,high,"Organic ginger is a culinary herb/spice ingredient, matches Herbs category"
supplier_products,399428c6-f79f-48cc-ad0d-bc89b1f1b293,Extruded Cereal Rings,d1adcc9f-c6a7-40a2-a4a9-5cfbc7d10dad,a230a819-c000-4eee-b56e-3eea4e4f350c,Breakfast Cereals,high,"Extruded cereal rings are a breakfast cereal product, distinctly categorized as Breakfast Cereals rather than savory snacks despite the ring shape."
supplier_products,f23d2d27-b796-43ce-ab81-5d2bbe0840f0,Tomatoes,d1adcc9f-c6a7-40a2-a4a9-5cfbc7d10dad,2b5f3c21-1770-4da3-b0ec-6147ffbcc8c7,Tomato Products,high,Tomatoes (organic & natural) fall under Tomato Products category per conflict rules for canned/preserved tomato items
supplier_products,bd309d06-9565-4948-9dc2-87d54d1958ee,Chestnut Flour,d1adcc9f-c6a7-40a2-a4a9-5cfbc7d10dad,0a8f2c3c-b4ed-4759-849d-a545cdf551a2,Ingredients & Additives,high,"Chestnut flour is a raw, B2B ingredient used in baking and cooking applications. It is a milled flour product intended for use as an input in food production, fitting the Ingredients & Additives category."
supplier_products,108ad13b-76b1-4cb9-a781-acc68bd41338,Organic Beef,d1adcc9f-c6a7-40a2-a4a9-5cfbc7d10dad,bfa873d3-4bb3-4c8e-945a-a38d4ad9d66f,Raw Meat & Poultry,high,"Organic beef is a raw meat product, matching 'Raw Meat & Poultry' category exactly."
supplier_products,db0f47f8-2d24-4085-9836-42c7ce80587b,Tomato Derivatives,d1adcc9f-c6a7-40a2-a4a9-5cfbc7d10dad,2b5f3c21-1770-4da3-b0ec-6147ffbcc8c7,Tomato Products,high,"'Tomato Derivatives' explicitly refers to processed tomato products (paste, puree, concentrate, etc.). Matches Tomato Products category per conflict rules."
supplier_products,4325c2dd-0b2d-4f7e-85f9-3efe5587f938,Tomato Passata,d1adcc9f-c6a7-40a2-a4a9-5cfbc7d10dad,2b5f3c21-1770-4da3-b0ec-6147ffbcc8c7,Tomato Products,high,"Tomato Passata is a strained/sieved tomato product, distinct from tomato sauce. Falls under Tomato Products per conflict rules."
supplier_products,72bbff5b-a75a-4132-9d72-be2d208576c5,Freeze-Dried Blackberry,d1adcc9f-c6a7-40a2-a4a9-5cfbc7d10dad,unclassified,Unclassified,high,"Freeze-dried blackberry is a dried fruit ingredient/snack component. Does not fit any allowed category: not a confectionery/chocolate product, not a biscuit/bar, not a cereal, not a preserved good in the traditional sense, not a sauce/condiment, and not explicitly a protein product or bakery item. Belongs in a Dried Fruits or Fruit Products category not present in the allowed list."
supplier_products,a9ef181f-6c37-4f1e-b572-8a875e2c149a,Canned Grains,d1adcc9f-c6a7-40a2-a4a9-5cfbc7d10dad,bd1da832-15dd-4186-b365-3e26b38bbdbe,Canned Vegetables & Pulses,high,"Canned grains (rice, lentils, beans, etc.) are preserved pulses and grains, fitting squarely in Canned Vegetables & Pulses"
supplier_products,bd504f0c-da42-456c-be7a-8899986d10e4,Frozen Vegetables,d1adcc9f-c6a7-40a2-a4a9-5cfbc7d10dad,c49e821f-fff8-4ac1-af10-c6db4c8564ab,Prepared Meals (Frozen & Shelf-Stable),high,"Frozen vegetables fall under Prepared Meals (Frozen & Shelf-Stable) per conflict rules. Not Canned Vegetables & Pulses (which are shelf-stable preserved, not frozen)."
supplier_products,6178c5fc-fe23-4867-870e-0b94cc1a1d10,Ready Sauces,d1adcc9f-c6a7-40a2-a4a9-5cfbc7d10dad,24768201-755e-4560-b283-46cbbabcd27b,Specialty Sauces & Condiments,high,"Ready sauces are finished condiment products, explicitly matching Specialty Sauces & Condiments. Organic/natural designation is a marketing attribute, not a classification driver."
supplier_products,1d3a4cba-f7be-4d07-aedc-ba0f3d82c846,Pesto Sauces,d1adcc9f-c6a7-40a2-a4a9-5cfbc7d10dad,24768201-755e-4560-b283-46cbbabcd27b,Specialty Sauces & Condiments,high,"Pesto is a sauce/condiment product, falls under Specialty Sauces & Condiments per conflict rules"
supplier_products,3ca39a8c-0185-499c-b770-817f09062634,Frozen Vegetable Soups,d1adcc9f-c6a7-40a2-a4a9-5cfbc7d10dad,c49e821f-fff8-4ac1-af10-c6db4c8564ab,Prepared Meals (Frozen & Shelf-Stable),high,"Frozen vegetable soups are prepared meals in frozen form, matching the Prepared Meals (Frozen & Shelf-Stable) category per conflict rules."
supplier_products,fa0756c5-40c4-4932-abe8-218f6956f37e,Peeled Garlic Cloves - Fresh Organic,d1adcc9f-c6a7-40a2-a4a9-5cfbc7d10dad,8899bfa4-1ca9-451b-8fdb-242231a6d2f0,Herbs,high,"Peeled garlic cloves are a fresh culinary herb/aromatic ingredient used as a flavoring component in cooking, matching the Herbs category."
supplier_products,c533b0ef-2170-43c6-9bc2-e0a99ca3009b,Canned Pulses,d1adcc9f-c6a7-40a2-a4a9-5cfbc7d10dad,bd1da832-15dd-4186-b365-3e26b38bbdbe,Canned Vegetables & Pulses,high,"Canned pulses (beans, lentils, chickpeas) are explicitly covered by 'Canned Vegetables & Pulses' category"
supplier_products,4f484988-9a23-4163-892e-ad9d0ade9b29,Tomato Pulp,d1adcc9f-c6a7-40a2-a4a9-5cfbc7d10dad,2b5f3c21-1770-4da3-b0ec-6147ffbcc8c7,Tomato Products,high,"Tomato pulp is a preserved/processed tomato product, matching explicit conflict rule for canned/preserved tomato items → Tomato Products category"
supplier_products,f4d08e49-7526-4ca8-a6e2-351c27276992,Organic Fruit Juices and Nectars,d1adcc9f-c6a7-40a2-a4a9-5cfbc7d10dad,32eace2c-ac37-4168-b93b-005748119293,Beverages (Non-Alcoholic),high,"Organic fruit juices and nectars are beverage products, matching Beverages (Non-Alcoholic) category."
supplier_products,9ceaab98-90ee-4dcc-bd09-5cf221619a94,Plant-Based Beverages,d1adcc9f-c6a7-40a2-a4a9-5cfbc7d10dad,32eace2c-ac37-4168-b93b-005748119293,Beverages (Non-Alcoholic),high,"Plant-based beverages are non-alcoholic drinks, matching Beverages (Non-Alcoholic) category directly."
supplier_products,6c2aaece-85a4-4bea-b126-4ea48089420d,Martino Organic Whole Wheat Couscous,d1adcc9f-c6a7-40a2-a4a9-5cfbc7d10dad,ff746938-df89-47ad-9551-b174340c7ce1,Pasta/Noodles,high,"Couscous is a grain-based pasta product, functionally similar to noodles/pasta in culinary use and shelf-stable storage classification."
supplier_products,45c74276-a0dc-42f6-9550-08ef1c6f045a,Organic Spaghetti,d1adcc9f-c6a7-40a2-a4a9-5cfbc7d10dad,ff746938-df89-47ad-9551-b174340c7ce1,Pasta/Noodles,high,"Organic spaghetti is a pasta product, directly matching Pasta/Noodles category"
supplier_products,f237c670-6397-417c-bfea-4efa83386a52,Strawberry Puree Concentrate 16-18 Brix,d1adcc9f-c6a7-40a2-a4a9-5cfbc7d10dad,6b051f68-90c2-4ba4-9535-f678cd268cf8,Canned & Preserved Goods,high,"Strawberry puree concentrate is a preserved fruit product, classified as canned/preserved goods. While it contains fruit, it is a processed concentrate in B2B food sourcing context, fitting Canned & Preserved Goods rather than fresh produce or ingredients."
supplier_products,e332ad48-8e0a-45fd-b6b3-a9c5995be7b3,Organic Dried Aronia,d1adcc9f-c6a7-40a2-a4a9-5cfbc7d10dad,unclassified,Unclassified,high,"Organic dried aronia berries are a dried fruit ingredient/snack that does not fit cleanly into allowed categories. Not a savory snack, biscuit, cereal, confectionery, preserved good, vegetable, meat, dairy, herb, protein, sauce, beverage, oil, pasta, or prepared meal. Closest match (Canned & Preserved Goods) is weak. Requires dedicated dried fruit category."
supplier_products,5491fc4c-e855-40a5-a6af-7d1211ddbb21,Organic Whole Red Beetroot,d1adcc9f-c6a7-40a2-a4a9-5cfbc7d10dad,bd1da832-15dd-4186-b365-3e26b38bbdbe,Canned Vegetables & Pulses,high,"Organic whole red beetroot is a canned/preserved vegetable product, matching Canned Vegetables & Pulses category"
supplier_products,d9ac1067-7d12-4fde-9348-fb617f1c37a4,Dehydrated Leek,d1adcc9f-c6a7-40a2-a4a9-5cfbc7d10dad,8899bfa4-1ca9-451b-8fdb-242231a6d2f0,Herbs,high,"Dehydrated leek is a dried herb/seasoning ingredient, fits Herbs category"
supplier_products,c87bf2aa-28b7-4f91-97b4-dee54e4b94dc,PizzaMI Pinsa Margherita,d1adcc9f-c6a7-40a2-a4a9-5cfbc7d10dad,8660789d-00a3-49d2-8489-6b42f2345b7a,Bakery & Bread Products,high,Pinsa is a flatbread/pizza product — falls under Bakery & Bread Products
supplier_products,aea7780c-1659-4c9d-bb9d-45e79884e62e,Organic Dried Sweet Black Cherries,d1adcc9f-c6a7-40a2-a4a9-5cfbc7d10dad,6b051f68-90c2-4ba4-9535-f678cd268cf8,Canned & Preserved Goods,high,"Dried sweet cherries are preserved fruit, fitting Canned & Preserved Goods category for shelf-stable preserved items."
supplier_products,b2173b65-7593-4759-9825-3439bc7967d2,Tomato Puree,d1adcc9f-c6a7-40a2-a4a9-5cfbc7d10dad,2b5f3c21-1770-4da3-b0ec-6147ffbcc8c7,Tomato Products,high,"Tomato puree is a processed tomato product (preserved/concentrated form), explicitly covered by conflict rule for canned/preserved tomato products → Tomato Products category"
supplier_products,ca58584f-3bce-461f-8e4f-1233ba96efba,Muesli with Coconut Flakes and Seeds,d1adcc9f-c6a7-40a2-a4a9-5cfbc7d10dad,a230a819-c000-4eee-b56e-3eea4e4f350c,Breakfast Cereals,high,"Muesli is a breakfast cereal product — grain-based mix with added ingredients (coconut, seeds). Fits explicitly under Breakfast Cereals."
supplier_products,fd15c242-b50d-44ab-bda1-39de0f82859c,Tomato Passata,d1adcc9f-c6a7-40a2-a4a9-5cfbc7d10dad,2b5f3c21-1770-4da3-b0ec-6147ffbcc8c7,Tomato Products,high,"Tomato passata is a preserved tomato product (strained/pureed tomato), which falls under Tomato Products per conflict rules."
supplier_products,f5bc929b-e6b2-4f75-9cfc-f8fc426360be,O! BIO Organic Line Products,d1adcc9f-c6a7-40a2-a4a9-5cfbc7d10dad,unclassified,Unclassified,low,"Product descriptor is a brand/line name only ('O! BIO Organic Line Products') with no specific product type identified. Cannot determine actual product category without knowing what items the line contains (snacks, cereals, confectionery, etc.). Requires explicit product specification."
supplier_products,cd17207a-5c02-4d75-9523-e54382ef00d0,Organic Tomato Products,d1adcc9f-c6a7-40a2-a4a9-5cfbc7d10dad,2b5f3c21-1770-4da3-b0ec-6147ffbcc8c7,Tomato Products,high,'Organic Tomato Products' explicitly matches the Tomato Products category per conflict rules for canned/preserved tomato items.
supplier_products,982eb636-729a-4ebd-ac42-9a02d3b418e8,Organic Tomato Puree,d1adcc9f-c6a7-40a2-a4a9-5cfbc7d10dad,2b5f3c21-1770-4da3-b0ec-6147ffbcc8c7,Tomato Products,high,"Tomato puree is a canned/preserved tomato product (processed tomato in concentrated form), falling under Tomato Products per conflict rules."
supplier_products,226d4a38-8f75-4ac2-81d2-28f349139d45,Aromatic Pastes for Ice Cream and Sorbets,d1adcc9f-c6a7-40a2-a4a9-5cfbc7d10dad,ff37e8ca-cb21-42c1-9955-7eb1f6132f06,Confectionery & Chocolate,high,"Aromatic pastes for ice cream and sorbets are flavoring ingredients used in confectionery/frozen dessert production. These are value-added confectionery input products, distinct from raw additives, positioning them in Confectionery & Chocolate."
supplier_products,a02f83cc-dc9f-4975-8d50-abf819d1ed53,Tomato Paste,d1adcc9f-c6a7-40a2-a4a9-5cfbc7d10dad,2b5f3c21-1770-4da3-b0ec-6147ffbcc8c7,Tomato Products,high,Tomato paste is explicitly canned/preserved tomato product per conflict rules
supplier_products,e3dafddd-178a-47c8-b257-05859385ab4c,Organic Dried Fruits,d1adcc9f-c6a7-40a2-a4a9-5cfbc7d10dad,unclassified,Unclassified,high,"Dried fruits are a standalone snack category not present in the allowed list. While they share some characteristics with Savory Snacks & Cereals or Confectionery, dried fruits are neither savory nor confectionery. No exact match available."
supplier_products,b763ab80-d734-4f41-89b9-f59facdc53d8,Organic Mixed Nuts,d1adcc9f-c6a7-40a2-a4a9-5cfbc7d10dad,f20fccd2-3bbe-4b7d-9b01-6424ef184fba,Savory Snacks & Cereals,high,"Organic mixed nuts are savory snacks, fitting Savory Snacks & Cereals category."
supplier_products,3a1aaf12-3c6d-45fc-a113-2e7724fad382,Organic Dried Apples,d1adcc9f-c6a7-40a2-a4a9-5cfbc7d10dad,unclassified,Unclassified,high,"Dried apples are a preserved fruit snack/ingredient that does not fit cleanly into any allowed category. Not savory snacks, not biscuits, not cereals, not confectionery, not a canned good in the traditional sense, not a vegetable/pulse, not tomato, not meat/fish, not dairy, not plant-based protein, not bakery, not sauce, not beverage, not oil, not pasta, not prepared meal, not sugar/sweetener, not herbs, not ingredients/additives (B2B raw only)."
supplier_products,6f6f143a-f8f7-4fd8-90fa-2e97d7e4f311,Martino Organic Beetroot Couscous,d1adcc9f-c6a7-40a2-a4a9-5cfbc7d10dad,ff746938-df89-47ad-9551-b174340c7ce1,Pasta/Noodles,high,"Couscous is a grain-based pasta/noodle product. Beetroot is a flavoring/coloring ingredient. This is a finished retail couscous SKU, not a raw ingredient."
supplier_products,2dea1b6f-cf0e-4f0d-a79b-39f3c5fb5bb7,Tomato Pulp,d1adcc9f-c6a7-40a2-a4a9-5cfbc7d10dad,2b5f3c21-1770-4da3-b0ec-6147ffbcc8c7,Tomato Products,high,"Tomato pulp is a preserved/processed tomato product, explicitly covered by Tomato Products category per conflict rules"
supplier_products,9f19cc5c-e11b-4040-8566-e39f0fa63c59,Sour Cherries,d1adcc9f-c6a7-40a2-a4a9-5cfbc7d10dad,6b051f68-90c2-4ba4-9535-f678cd268cf8,Canned & Preserved Goods,high,"Sour cherries are preserved/canned fruit, fitting Canned & Preserved Goods as the closest match for shelf-stable preserved produce."
supplier_products,1368ace2-9a69-404b-a221-4de363873f36,Dried Dates,d1adcc9f-c6a7-40a2-a4a9-5cfbc7d10dad,baf81f58-194d-4810-9367-152fac1349bf,Sugars & Sweeteners,high,"Dried dates are a natural sweetener product and dried fruit with inherent sugar content, fitting Sugars & Sweeteners category for B2B food sourcing."
supplier_products,5b53c8d7-1580-4aef-9d1b-41d77208bff5,Dried Apricots,d1adcc9f-c6a7-40a2-a4a9-5cfbc7d10dad,6b051f68-90c2-4ba4-9535-f678cd268cf8,Canned & Preserved Goods,high,"Dried apricots are preserved fruit, fitting Canned & Preserved Goods category"
supplier_products,82bfd21f-4e6e-4e27-adf6-dcc0d25d9c57,Organic Whole Wheat Spaghetti,d1adcc9f-c6a7-40a2-a4a9-5cfbc7d10dad,ff746938-df89-47ad-9551-b174340c7ce1,Pasta/Noodles,high,"Organic whole wheat spaghetti is a pasta product, explicitly matching the Pasta/Noodles category."
supplier_products,d6a6fad0-bf24-4c9d-9a2e-dde9418a15c7,Organic Taralli,d1adcc9f-c6a7-40a2-a4a9-5cfbc7d10dad,f20fccd2-3bbe-4b7d-9b01-6424ef184fba,Savory Snacks & Cereals,high,Taralli is a savory Italian cracker/snack made from wheat flour and salt. Organic labeling does not change its core savory snack nature.
supplier_products,e0e2b646-a483-4ea8-9dcd-a7f60f9eefa5,Shapes Cereal,d1adcc9f-c6a7-40a2-a4a9-5cfbc7d10dad,a230a819-c000-4eee-b56e-3eea4e4f350c,Breakfast Cereals,high,"Shapes Cereal is a breakfast cereal product, explicitly matching 'Breakfast Cereals' category. Although 'Shapes' is also a savory snack brand in some markets, the descriptor 'Cereal' in the product name clearly indicates a breakfast grain product, not a savory snack."
supplier_products,83d79cb5-5bf5-49bd-a746-f93a997583e7,Organic Cider,d1adcc9f-c6a7-40a2-a4a9-5cfbc7d10dad,32eace2c-ac37-4168-b93b-005748119293,Beverages (Non-Alcoholic),high,"Organic cider is a beverage product, non-alcoholic or low-alcohol fermented apple drink, matching Beverages (Non-Alcoholic)"
supplier_products,ecfb5225-5feb-4b91-b14e-e03fd0871386,Lemon Juice Concentrate Clear 400GPL,d1adcc9f-c6a7-40a2-a4a9-5cfbc7d10dad,32eace2c-ac37-4168-b93b-005748119293,Beverages (Non-Alcoholic),high,"Lemon juice concentrate is a liquid beverage ingredient/product typically used as a drink base or flavoring, fitting Beverages (Non-Alcoholic)"
supplier_products,76b18c11-8c5d-4e62-9c8f-67cc53a787b4,Freeze-Dried Blueberry Powder,d1adcc9f-c6a7-40a2-a4a9-5cfbc7d10dad,unclassified,Unclassified,high,"Freeze-dried blueberry powder is a raw ingredient/processing form not explicitly matching any category. It is not a finished retail SKU suitable for Ingredients & Additives (B2B raw inputs only per rules), nor does it fit Beverages, Breakfast Cereals, or other terminal categories. Requires custom ingredient classification."
supplier_products,96ab3e21-4818-4f4a-a342-bc8c2a1d11c2,"BIOSNACK Multigrain Taralli with Spelt, Buckwheat, Flax and Fennel Seeds",d1adcc9f-c6a7-40a2-a4a9-5cfbc7d10dad,f20fccd2-3bbe-4b7d-9b01-6424ef184fba,Savory Snacks & Cereals,high,"Taralli is a savory, ring-shaped Italian cracker/snack made from wheat and seeds. Despite multigrain composition, it is explicitly a savory snack product, not a breakfast cereal or bread product."
supplier_products,ac907a52-1485-4122-aa34-2f92db5ec9f9,Choco Balls Cereal,d1adcc9f-c6a7-40a2-a4a9-5cfbc7d10dad,a230a819-c000-4eee-b56e-3eea4e4f350c,Breakfast Cereals,high,"Choco Balls is a breakfast cereal product. While it contains chocolate, the primary classification is cereal-based. Breakfast Cereals is the most specific and appropriate category, taking precedence over Confectionery & Chocolate."
supplier_products,f1351c44-da18-41db-9387-7c7bf93b75eb,"BIOSNACK Schiacciatelle with Turmeric, Ginger, Pumpkin and Sunflower Seeds",d1adcc9f-c6a7-40a2-a4a9-5cfbc7d10dad,f20fccd2-3bbe-4b7d-9b01-6424ef184fba,Savory Snacks & Cereals,high,"Schiacciatelle is a savory flatbread/cracker with turmeric, ginger, pumpkin and sunflower seeds — clearly a savory snack, not sweet or protein-focused."
supplier_products,3cf3e82c-6eb6-430a-b8ca-1441a71e5fdc,Protein Granola with Chocolate,d1adcc9f-c6a7-40a2-a4a9-5cfbc7d10dad,91549ddb-1b13-4058-82f6-f1d86475ea0f,Sweet Biscuits & Bars,high,"Protein granola with chocolate is a finished breakfast bar/sweet snack product. Chocolate-coated/chocolate-containing items typically map to Sweet Biscuits & Bars when they are solid snack bars. The protein claim does not override this—the product is not a pure protein isolate/ingredient, but a retail-ready granola bar SKU."
supplier_products,ca774b68-b22e-4047-8322-8efc456c75b6,Flakes,d1adcc9f-c6a7-40a2-a4a9-5cfbc7d10dad,a230a819-c000-4eee-b56e-3eea4e4f350c,Breakfast Cereals,high,"Flakes (organic & natural) are breakfast cereal products, explicitly matching Breakfast Cereals category."
supplier_products,c619f8bb-79da-4cc8-b2c8-deb8f3191bfc,Organic Hay Milk Cheese,d1adcc9f-c6a7-40a2-a4a9-5cfbc7d10dad,ab9f8022-0f59-4d96-883d-19367680461f,Dairy Products & Analogues,high,"Cheese is a dairy product. 'Hay Milk Cheese' is an organic cheese variant, clearly belongs in Dairy Products & Analogues."
supplier_products,cba01e8d-58db-4edf-9094-0c117b696815,Organic Frozen Fruits,d1adcc9f-c6a7-40a2-a4a9-5cfbc7d10dad,unclassified,Unclassified,high,"Frozen fruits are not explicitly listed in allowed categories. Product is a finished frozen fruit item, not a prepared meal, ingredient, or any other matching category."
supplier_products,4cdf5e9e-3be1-4d20-bc84-6aef82d7b068,Organic Gelato Mix,d1adcc9f-c6a7-40a2-a4a9-5cfbc7d10dad,27d773c1-e097-468e-9bcc-3b52ae6ffe34,Dairy-Free Desserts,high,"Gelato mix is a frozen dessert product. Since it is organic/natural (implying dairy-free or plant-based formulation), it fits Dairy-Free Desserts category."
supplier_products,3653d1bd-3572-4d75-ae5a-c20c0e9eac89,Organic Penne Rigate,d1adcc9f-c6a7-40a2-a4a9-5cfbc7d10dad,ff746938-df89-47ad-9551-b174340c7ce1,Pasta/Noodles,high,Penne Rigate is a dried pasta product; matches Pasta/Noodles category explicitly.
supplier_products,6260326b-2362-4d60-ac73-c1a7e01e73fc,Granola,d1adcc9f-c6a7-40a2-a4a9-5cfbc7d10dad,a230a819-c000-4eee-b56e-3eea4e4f350c,Breakfast Cereals,high,"Granola is a breakfast cereal product — a ready-to-eat grain-based breakfast item composed of oats, nuts, dried fruit, and sweeteners, fitting squarely within Breakfast Cereals."
supplier_products,eeab8734-e08c-4209-9a22-923567536c26,Dried Figs,d1adcc9f-c6a7-40a2-a4a9-5cfbc7d10dad,6b051f68-90c2-4ba4-9535-f678cd268cf8,Canned & Preserved Goods,high,"Dried figs are preserved/dried fruit, fitting Canned & Preserved Goods category as a shelf-stable preserved product"
supplier_products,0769fe8d-b38b-441a-b801-311de63066ef,Organic Extra Virgin Olive Oil,d1adcc9f-c6a7-40a2-a4a9-5cfbc7d10dad,85998961-842d-4171-9198-07f8a7409b9d,"Fats, Oils & Spreads",high,"Organic Extra Virgin Olive Oil is an edible oil; matches conflict rule: Edible oils (sunflower, olive, blends) -> Fats, Oils & Spreads"
supplier_products,fe9f4352-65e0-47bf-9dc5-949143a624fc,Semi-Concentrated Tomato Products,d1adcc9f-c6a7-40a2-a4a9-5cfbc7d10dad,2b5f3c21-1770-4da3-b0ec-6147ffbcc8c7,Tomato Products,high,Semi-concentrated tomato products explicitly match the Tomato Products category per conflict rules (canned/preserved tomato forms including concentrates).
supplier_products,d452b8ec-1aa4-492d-8857-eda06c1d9670,Organic Garlic,d1adcc9f-c6a7-40a2-a4a9-5cfbc7d10dad,8899bfa4-1ca9-451b-8fdb-242231a6d2f0,Herbs,high,"Organic garlic is a fresh herb/aromatics ingredient, matches Herbs category"
supplier_products,543291f3-0a8b-4fe8-adab-ebf8fc301962,Madagascar Bourbon Pure Vanilla Bean Paste,d1adcc9f-c6a7-40a2-a4a9-5cfbc7d10dad,0a8f2c3c-b4ed-4759-849d-a545cdf551a2,Ingredients & Additives,high,"Madagascar Bourbon Vanilla Bean Paste is a B2B culinary ingredient used in food manufacturing and professional kitchens, not a finished retail SKU. Fits Ingredients & Additives as a raw input component."
supplier_products,9a2df21a-a076-4cbe-b7bc-3827a9ffb782,"BIOSNACK Sfogliette with Turmeric, Ginger, Quinoa and Chia Seeds",d1adcc9f-c6a7-40a2-a4a9-5cfbc7d10dad,91549ddb-1b13-4058-82f6-f1d86475ea0f,Sweet Biscuits & Bars,high,"Sfogliette are thin, crispy Italian wafer biscuits. Despite savory-sounding ingredients (turmeric, ginger), this is a finished biscuit/cookie product, not a savory snack. Quinoa and chia are inclusions, not protein-isolate drivers. Fits Sweet Biscuits & Bars category."
supplier_products,74508c64-6b40-49bc-afe3-989ba705a91b,"BIOSNACK Schiacciatelle with Turmeric, Ginger, Pumpkin and Sunflower Seeds",d1adcc9f-c6a7-40a2-a4a9-5cfbc7d10dad,f20fccd2-3bbe-4b7d-9b01-6424ef184fba,Savory Snacks & Cereals,high,"Schiacciatelle is a savory flatbread cracker. Turmeric, ginger, pumpkin and sunflower seeds are savory flavor additions. Product is a savory snack, not sweet."
supplier_products,4e358a89-1700-4c27-b94d-3fd205589402,Organic Garlic Powder,d1adcc9f-c6a7-40a2-a4a9-5cfbc7d10dad,8899bfa4-1ca9-451b-8fdb-242231a6d2f0,Herbs,high,"Organic garlic powder is a dried herb/spice ingredient, clearly matches Herbs category"
supplier_products,c7f6355d-c474-4c48-8cb7-68beff57686e,BIO LORI Organic Spaghetti,d1adcc9f-c6a7-40a2-a4a9-5cfbc7d10dad,ff746938-df89-47ad-9551-b174340c7ce1,Pasta/Noodles,high,"Organic spaghetti is a pasta product, explicitly matching Pasta/Noodles category"
supplier_products,c3e9c8c6-fdb4-4884-a55f-81769f495d4c,BIO LORI Organic Penne Rigate,d1adcc9f-c6a7-40a2-a4a9-5cfbc7d10dad,ff746938-df89-47ad-9551-b174340c7ce1,Pasta/Noodles,high,Penne Rigate is a dried pasta product; matches Pasta/Noodles category exactly.
supplier_products,d6d77ccf-260a-4408-bf14-e9670edb5e30,BIO LORI Organic Fusilli,d1adcc9f-c6a7-40a2-a4a9-5cfbc7d10dad,ff746938-df89-47ad-9551-b174340c7ce1,Pasta/Noodles,high,"Fusilli is a pasta shape; product is organic pasta, clearly belongs in Pasta/Noodles category"
supplier_products,cd0ca0f5-1dc0-48c7-9cc9-6961de3e4a19,BIO LORI Organic Orecchiette,d1adcc9f-c6a7-40a2-a4a9-5cfbc7d10dad,ff746938-df89-47ad-9551-b174340c7ce1,Pasta/Noodles,high,Orecchiette is a pasta shape; product is explicitly identified as organic pasta
supplier_products,0f4e69c6-41b5-4443-832f-82c528aeb94b,BIO LORI Organic Whole Wheat Pasta,d1adcc9f-c6a7-40a2-a4a9-5cfbc7d10dad,ff746938-df89-47ad-9551-b174340c7ce1,Pasta/Noodles,high,"Whole wheat pasta is a dry pasta product, explicitly matching Pasta/Noodles category"
supplier_products,3c2a6817-6f1b-47ef-9bd4-b99f31c2761d,BIO LORI Organic Gluten-Free Corn and Rice Pasta,d1adcc9f-c6a7-40a2-a4a9-5cfbc7d10dad,ff746938-df89-47ad-9551-b174340c7ce1,Pasta/Noodles,high,"Organic gluten-free corn and rice pasta is explicitly a pasta product, matching Pasta/Noodles category."
supplier_products,dbf61004-52e2-4983-ad56-bd928d8a574a,Freeze-Dried Superfoods,d1adcc9f-c6a7-40a2-a4a9-5cfbc7d10dad,unclassified,Unclassified,high,"Freeze-dried superfoods (e.g., berries, açai, spirulina, goji) are functional ingredients/toppings that don't fit existing categories. Not a protein isolate (Plant-Based Proteins), not a finished snack/meal, not an additive. Requires dedicated superfood/functional ingredient category."
supplier_products,e66b4c5f-6b2a-473e-93b4-bdd503190fa3,Supplemented Fruit Shapes with Vitamins,d1adcc9f-c6a7-40a2-a4a9-5cfbc7d10dad,91549ddb-1b13-4058-82f6-f1d86475ea0f,Sweet Biscuits & Bars,high,Fruit-shaped confection with added vitamins; finished retail sweet snack product matching Sweet Biscuits & Bars profile
supplier_products,806ccca2-a82d-481a-8cf6-28a0c2dcf7c8,Sprouted Alfalfa,d1adcc9f-c6a7-40a2-a4a9-5cfbc7d10dad,unclassified,Unclassified,high,"Sprouted alfalfa is a fresh vegetable/microgreen product. No matching category in allowed list covers fresh vegetables, sprouts, or produce."
supplier_products,015fbb5e-d4d5-45a3-b350-170d6fff9464,Oatly Organic Oat Drink,d1adcc9f-c6a7-40a2-a4a9-5cfbc7d10dad,32eace2c-ac37-4168-b93b-005748119293,Beverages (Non-Alcoholic),high,"Oatly Oat Drink is a ready-to-drink beverage (milk alternative), clearly belongs in Beverages (Non-Alcoholic)"
supplier_products,f97f81aa-439a-47f0-916f-e62d38c52b01,Organic Stuffed Vine Leaves,d1adcc9f-c6a7-40a2-a4a9-5cfbc7d10dad,6b051f68-90c2-4ba4-9535-f678cd268cf8,Canned & Preserved Goods,high,"Stuffed vine leaves are a prepared, canned/preserved ready-to-eat food product. Best match is Canned & Preserved Goods, not Canned Vegetables & Pulses (which is typically bulk vegetable inputs)."
supplier_products,d582d0ab-36f5-4e60-a491-2aae9474415c,Organic Chocolate Bars,d1adcc9f-c6a7-40a2-a4a9-5cfbc7d10dad,ff37e8ca-cb21-42c1-9955-7eb1f6132f06,Confectionery & Chocolate,high,Chocolate bars are explicitly covered by conflict rule: Chocolate / chocolate-coated / spreads -> Confectionery & Chocolate
supplier_products,adf26916-6b47-4f3b-937f-8cc27c0e3e1a,Organic Coffee,d1adcc9f-c6a7-40a2-a4a9-5cfbc7d10dad,32eace2c-ac37-4168-b93b-005748119293,Beverages (Non-Alcoholic),high,"Organic coffee is a beverage product, classified under Beverages (Non-Alcoholic)"
supplier_products,880bd03f-f2cb-4068-8cb9-ae683d28f1ed,Organic Chicken Range,d1adcc9f-c6a7-40a2-a4a9-5cfbc7d10dad,bfa873d3-4bb3-4c8e-945a-a38d4ad9d66f,Raw Meat & Poultry,high,"Organic chicken range is raw poultry product, matches Raw Meat & Poultry category directly."
supplier_products,d4f0b398-6fae-4ce0-82f1-2fe4d21bf05e,Blue Eyes Onions,18f4fb10-0337-45c8-a9d3-d063052db846,unclassified,Unclassified,high,"Blue Eyes Onions is a canned/preserved onion product, matching the Canned Vegetables & Pulses category (id: bd1da832-15dd-4186-b365-3e26b38bbdbe)"
supplier_products,1fdc3a8d-3a55-42ff-b0b1-e7b0a280785c,Jijona-Style Soft Turrón,18f4fb10-0337-45c8-a9d3-d063052db846,ff37e8ca-cb21-42c1-9955-7eb1f6132f06,Confectionery & Chocolate,high,"Jijona turrón is a Spanish almond nougat confection, a traditional sweet treat made primarily from honey, sugar, and almonds. It is unambiguously confectionery."
supplier_products,4f8f32e6-68bf-497d-a756-fdeadf054ef2,Butternut Squash,18f4fb10-0337-45c8-a9d3-d063052db846,unclassified,Unclassified,high,"Butternut squash is a fresh vegetable. No fresh produce category exists in the allowed list. Canned Vegetables & Pulses only fits if product is preserved/canned form, which is not specified here."
supplier_products,88dbc325-84ff-4fe4-8467-5fbaffaaca93,Pharmaceutical Jellies,18f4fb10-0337-45c8-a9d3-d063052db846,unclassified,Unclassified,high,"Pharmaceutical jellies are medicinal/pharmaceutical products, not food commodities. Outside food sourcing scope."
supplier_products,ad749033-5d20-4a20-a8e4-08a5a549b8e9,Çiğ Köfte Portion,18f4fb10-0337-45c8-a9d3-d063052db846,unclassified,Unclassified,high,"Çiğ Köfte (raw meatball) is a fresh prepared meat product not covered by allowed categories. Raw Meat & Poultry applies to unprocessed cuts/whole items, not formed/portioned prepared dishes. Does not fit Prepared Meals (frozen/shelf-stable focus). No exact match in allowed list."
supplier_products,f05f6dc2-9496-4339-80d3-94d8cc6a2fbd,Pointed Cabbage,18f4fb10-0337-45c8-a9d3-d063052db846,unclassified,Unclassified,high,Pointed cabbage is a fresh vegetable; no allowed category exists for fresh produce/vegetables in the provided list
supplier_products,02b20f50-2885-417c-baa1-07f5edc8f551,Fresh Button Mushrooms,18f4fb10-0337-45c8-a9d3-d063052db846,unclassified,Unclassified,high,"Fresh Button Mushrooms is a fresh produce item. No produce category exists in the allowed list. Closest matches (Canned Vegetables & Pulses, Herbs) are for processed/preserved/dried forms, not fresh mushrooms."
supplier_products,bed3f371-a0a4-4929-8edb-8cf942197abd,Fresh Potatoes,18f4fb10-0337-45c8-a9d3-d063052db846,unclassified,Unclassified,high,Fresh potatoes are a raw produce item not represented in the allowed B2B food sourcing categories provided
supplier_products,580968bb-b916-4e8a-9034-d63f79a3ff8b,Turrón de Jijona (Soft Nougat),18f4fb10-0337-45c8-a9d3-d063052db846,ff37e8ca-cb21-42c1-9955-7eb1f6132f06,Confectionery & Chocolate,high,"Turrón de Jijona is a traditional Spanish soft nougat confection made with honey, nuts, and egg white. It is a confectionery product, not chocolate-coated, fitting Confectionery & Chocolate category."
supplier_products,bb0cb3b5-697e-4a7f-92d4-96a903d22c5f,Prepared Fruit and Vegetables,18f4fb10-0337-45c8-a9d3-d063052db846,bd1da832-15dd-4186-b365-3e26b38bbdbe,Canned Vegetables & Pulses,high,Prepared fruit and vegetables fall under canned/preserved goods category. Best match is 'Canned Vegetables & Pulses' as it covers preserved vegetable products.
supplier_products,ae7acc1e-3810-47e6-8a74-49a031256b85,Kale,18f4fb10-0337-45c8-a9d3-d063052db846,unclassified,Unclassified,high,Kale is a fresh vegetable; no category for fresh produce/vegetables exists in allowed list
supplier_products,0c167a40-15e4-416f-a79a-9e5eaca1eae6,Gerber Baby Purée Pouches,18f4fb10-0337-45c8-a9d3-d063052db846,unclassified,Unclassified,high,Gerber Baby Purée Pouches are infant/baby food products. No matching category exists in the allowed list for baby food or infant nutrition products. This is a retail consumer packaged good outside the B2B food sourcing scope provided.
supplier_products,f47f0e75-6326-4935-a361-0f2d14b85680,Vegan Chocolate Bars,18f4fb10-0337-45c8-a9d3-d063052db846,ff37e8ca-cb21-42c1-9955-7eb1f6132f06,Confectionery & Chocolate,high,Chocolate bars (vegan or not) are explicitly chocolate products → Confectionery & Chocolate per conflict rules.
supplier_products,34d5c88a-162d-4f2b-916c-ab02e58b9652,Favorit Brand Products,18f4fb10-0337-45c8-a9d3-d063052db846,unclassified,Unclassified,low,'Favorit Brand Products — Other' is a brand label with no specific product information. Cannot classify without knowing actual product type.
supplier_products,2a6587f8-81c1-4358-96fe-a9926253c678,Ready-to-Use Prepared Vegetables,18f4fb10-0337-45c8-a9d3-d063052db846,c49e821f-fff8-4ac1-af10-c6db4c8564ab,Prepared Meals (Frozen & Shelf-Stable),high,"Ready-to-use prepared vegetables are processed/cooked vegetable items, fitting Prepared Meals (Frozen & Shelf-Stable) rather than raw canned vegetables"
supplier_products,6d193698-25e7-4c17-8ce0-0bcf36d47262,Halawa Almonds,18f4fb10-0337-45c8-a9d3-d063052db846,ff37e8ca-cb21-42c1-9955-7eb1f6132f06,Confectionery & Chocolate,high,"Halawa (sesame paste confection) with almonds is a sweet confectionery/candy product, typically coated or mixed with nuts. Falls under Confectionery & Chocolate category."
supplier_products,3aed0295-ff72-438a-a380-50c9fbd001b6,Sliced Vegetables,18f4fb10-0337-45c8-a9d3-d063052db846,unclassified,Unclassified,medium,"Sliced vegetables typically refers to canned or preserved vegetable products. 'Canned Vegetables & Pulses' is the best semantic match among available categories, though the vague 'Other' descriptor limits confidence."
supplier_products,de50538c-cbd9-481c-9017-b55ebb05c082,Potato Quarters (Raw),18f4fb10-0337-45c8-a9d3-d063052db846,unclassified,Unclassified,high,"Raw potato quarters are fresh produce, not covered by allowed categories. Closest match (Savory Snacks & Cereals) is for processed snacks, not raw vegetables."
supplier_products,08d81936-4a23-4a12-8e7d-457421188391,Dehydrated Wild Boletus Mushrooms,18f4fb10-0337-45c8-a9d3-d063052db846,8899bfa4-1ca9-451b-8fdb-242231a6d2f0,Herbs,high,"Dehydrated wild boletus mushrooms are dried culinary/medicinal fungi used as a flavoring ingredient, consistent with Herbs category scope for dried plant-based flavor/cooking inputs."
supplier_products,cbce92fe-23c3-43c9-a58d-6a3aec1e18bd,Fresh Artichokes,18f4fb10-0337-45c8-a9d3-d063052db846,unclassified,Unclassified,high,"Fresh artichokes are fresh produce/vegetables. No allowed category covers fresh produce or vegetables in their fresh state. 'Canned Vegetables & Pulses' requires preserved/canned format, not fresh."
supplier_products,788e8219-c8c5-4c54-b82d-a1ee7aad5427,Potatoes,18f4fb10-0337-45c8-a9d3-d063052db846,unclassified,Unclassified,high,Raw potatoes are a fresh produce commodity not covered by allowed B2B food categories. No match for 'Potatoes — Other' in provided list.
supplier_products,71edfd2e-e944-4d46-84d2-913e30580239,Apple and Strawberry Puree,18f4fb10-0337-45c8-a9d3-d063052db846,6b051f68-90c2-4ba4-9535-f678cd268cf8,Canned & Preserved Goods,high,"Apple and strawberry puree is a fruit-based preserved product, best classified as Canned & Preserved Goods. It is a shelf-stable, processed fruit puree without savory or protein focus."
supplier_products,a4707e26-28f9-4b6d-b549-c85bc6dc898a,Fresh Oranges - Valencia,18f4fb10-0337-45c8-a9d3-d063052db846,unclassified,Unclassified,high,"Fresh Oranges are produce/fruit, not represented in allowed B2B food sourcing categories which focus on processed, preserved, or ingredient products"
supplier_products,079245f4-deaf-4ce8-aa48-717930afacf8,Frozen Nuts,18f4fb10-0337-45c8-a9d3-d063052db846,unclassified,Unclassified,high,"Frozen nuts do not fit allowed categories. Nuts are a raw ingredient/snack but 'Frozen Nuts' as a standalone product class is not explicitly mapped. Savory Snacks & Cereals typically covers processed/coated items, not plain frozen nuts. Ingredients & Additives is B2B raw inputs only, but frozen nuts are a finished retail SKU."
supplier_products,f9149d3e-e2fb-4c69-a7d9-db76556fe445,Processed Beetroot Products,18f4fb10-0337-45c8-a9d3-d063052db846,bd1da832-15dd-4186-b365-3e26b38bbdbe,Canned Vegetables & Pulses,high,"Processed beetroot products are preserved/canned vegetables, matching Canned Vegetables & Pulses category"
supplier_products,ab0de062-9a93-4d71-901e-d6044682f57a,Christmas Gift Box Assortment,18f4fb10-0337-45c8-a9d3-d063052db846,unclassified,Unclassified,high,"Gift box assortment is a packaging/presentation format, not a product category. Contents are unknown and could span multiple categories (confectionery, biscuits, chocolate, etc.). B2B food sourcing requires specific product classification, not retail gift bundles."
supplier_products,8dd40073-38c2-40ac-bdba-9a13542751ba,Dried Vegetables,18f4fb10-0337-45c8-a9d3-d063052db846,bd1da832-15dd-4186-b365-3e26b38bbdbe,Canned Vegetables & Pulses,high,"Dried vegetables are preserved vegetable products, best classified as Canned Vegetables & Pulses (the closest matching category for non-fresh preserved vegetables)."
supplier_products,41c82ec2-3fa8-4ada-a9b0-d5fe7c7fb29a,White Mushrooms,18f4fb10-0337-45c8-a9d3-d063052db846,unclassified,Unclassified,high,White mushrooms are fresh produce/vegetables; no matching category in allowed list covers fresh vegetables or produce
supplier_products,816a5b6a-0dcb-477c-9cc7-6c5ea6ce6ca8,Baby Food Purees in Pouch,18f4fb10-0337-45c8-a9d3-d063052db846,unclassified,Unclassified,high,Baby food purees in pouches are specialized infant nutrition products not represented in the allowed B2B food sourcing categories. This is a niche baby-specific product segment outside the scope of the provided taxonomy.
supplier_products,fdc5888d-819e-49bb-8429-f610a8f74514,Peeled Potatoes,18f4fb10-0337-45c8-a9d3-d063052db846,unclassified,Unclassified,high,"Peeled potatoes are a fresh/prepared vegetable product. No allowed category matches fresh or peeled potatoes. 'Canned Vegetables & Pulses' applies to canned/preserved only, not fresh peeled potatoes."
supplier_products,5d54616c-804e-45ea-81bf-02446b4029f4,Fresh Cultivated Mushrooms,18f4fb10-0337-45c8-a9d3-d063052db846,unclassified,Unclassified,high,"Fresh cultivated mushrooms are a fresh produce item. No allowed category covers fresh vegetables/produce. Closest options (Canned Vegetables & Pulses, Ingredients & Additives) do not apply to fresh mushrooms."
supplier_products,0d5bdb09-c79a-4402-b309-a0b39b9fe7bc,Alicante-Style Hard Turrón,18f4fb10-0337-45c8-a9d3-d063052db846,ff37e8ca-cb21-42c1-9955-7eb1f6132f06,Confectionery & Chocolate,high,"Alicante-style turrón is a traditional Spanish hard nougat confectionery made with almonds, honey, and egg white. Turrón is a confectionery/candy product."
supplier_products,e5d0357c-b7f7-436f-92c5-782cacb18b13,Nefeli Greek Wild Thyme Honey,18f4fb10-0337-45c8-a9d3-d063052db846,baf81f58-194d-4810-9367-152fac1349bf,Sugars & Sweeteners,high,"Honey is explicitly a sweetener product per conflict rules: 'Honey, syrups, sugar, sweetener solutions -> Sugars & Sweeteners'"
supplier_products,30cbce39-1cc0-40e5-96d1-392ed1a53fdc,Cashew Kernels WW320,18f4fb10-0337-45c8-a9d3-d063052db846,unclassified,Unclassified,high,"Cashew kernels are tree nuts/dried fruit, not matching any allowed category. Closest would be Savory Snacks & Cereals, but cashews are neither savory snacks nor cereals—they are raw/processed nuts that don't fit the provided taxonomy."
supplier_products,8609bae3-e65e-4637-8903-780127c7a711,Milk Chocolate Bars,18f4fb10-0337-45c8-a9d3-d063052db846,ff37e8ca-cb21-42c1-9955-7eb1f6132f06,Confectionery & Chocolate,high,Milk Chocolate Bars are chocolate products. Conflict rule explicitly assigns chocolate / chocolate-coated items to Confectionery & Chocolate.
supplier_products,69c1884e-a8e4-4cfc-93cb-ae40da6b3fa3,Port Wine Pairing Chocolate Cups,18f4fb10-0337-45c8-a9d3-d063052db846,ff37e8ca-cb21-42c1-9955-7eb1f6132f06,Confectionery & Chocolate,high,Chocolate cups are chocolate-coated/chocolate confectionery products. Port wine pairing is a flavor variant but does not change the core classification. Matches Confectionery & Chocolate category per conflict rules.
supplier_products,c11796db-13f4-4fc4-ab4a-8f59c53ddc3e,Chinese Cabbage,18f4fb10-0337-45c8-a9d3-d063052db846,unclassified,Unclassified,high,"Chinese cabbage is a fresh vegetable. No fresh produce category exists in the allowed list. Closest matches (Canned Vegetables, Prepared Meals) do not apply to fresh produce."
supplier_products,7a0908f9-d4ee-4e63-9952-b226f4b1d874,Halawa Lite,18f4fb10-0337-45c8-a9d3-d063052db846,ff37e8ca-cb21-42c1-9955-7eb1f6132f06,Confectionery & Chocolate,high,"Halawa (tahini-based sweet paste) is a confectionery product. 'Lite' variant indicates reduced sugar/calorie version but remains a finished sweet spread/confection, not an ingredient or protein product."
supplier_products,25ce8ee6-7ec7-46d5-9fa9-6a4dda55cc59,Fresh Plants,18f4fb10-0337-45c8-a9d3-d063052db846,unclassified,Unclassified,high,'Fresh Plants — Other' is not a food product; it is a category label or placeholder. Fresh plants (ornamental/botanical) fall outside B2B food sourcing scope. No allowed category matches.
supplier_products,43910bda-d86e-44f0-94af-0a3c0bd7f193,Julienne Cut Vegetables,18f4fb10-0337-45c8-a9d3-d063052db846,bd1da832-15dd-4186-b365-3e26b38bbdbe,Canned Vegetables & Pulses,high,Julienne cut vegetables are a prepared/processed vegetable product. Canned Vegetables & Pulses is the most appropriate category for processed vegetable formats.
supplier_products,ade86ec5-e482-4da8-ba36-8f4ffae23ea3,Castel del Rio IGP Marrons,18f4fb10-0337-45c8-a9d3-d063052db846,unclassified,Unclassified,high,"Castel del Rio IGP Marrons are preserved/canned chestnuts (marrons), a classic Italian preserved product. Not fresh fruit, fits canned preserved goods category."
supplier_products,886b48c6-ef48-450a-ac73-39901175762a,Sugar-Free Nougat,18f4fb10-0337-45c8-a9d3-d063052db846,ff37e8ca-cb21-42c1-9955-7eb1f6132f06,Confectionery & Chocolate,high,Nougat is a confectionery product. Sugar-free variant does not change classification from Confectionery & Chocolate.
supplier_products,10a2de48-34aa-4d94-ba44-8ad41aed8a2a,Fresh Chestnuts,18f4fb10-0337-45c8-a9d3-d063052db846,unclassified,Unclassified,high,"Fresh chestnuts are a raw produce/nut item with no matching category in the allowed list. None of the provided categories (snacks, cereals, confectionery, canned goods, proteins, etc.) accurately represent fresh whole chestnuts."
supplier_products,9dc97244-571e-40b5-bf8e-7f8a171596b0,Peeled Potatoes Vacuum Packed,18f4fb10-0337-45c8-a9d3-d063052db846,bd1da832-15dd-4186-b365-3e26b38bbdbe,Canned Vegetables & Pulses,high,"Peeled potatoes vacuum packed are a preserved vegetable product, matching Canned Vegetables & Pulses category scope."
supplier_products,bc2559c3-90bc-4052-bb5a-6a188e256085,Greek Organic Honey,18f4fb10-0337-45c8-a9d3-d063052db846,baf81f58-194d-4810-9367-152fac1349bf,Sugars & Sweeteners,high,"Honey is explicitly listed in conflict rules as 'Honey, syrups, sugar, sweetener solutions -> Sugars & Sweeteners'"
supplier_products,ddde6e65-348a-49db-a9a7-c5638deb2940,Button Mushrooms Whole - Extra Quality,18f4fb10-0337-45c8-a9d3-d063052db846,unclassified,Unclassified,high,Button mushrooms (fresh produce) do not match any allowed category. Fresh vegetables are not listed in the permitted classification set.
supplier_products,e2e15891-f06b-463f-8a3f-470af9cca4be,Organic Dark Chocolate Tablets,18f4fb10-0337-45c8-a9d3-d063052db846,ff37e8ca-cb21-42c1-9955-7eb1f6132f06,Confectionery & Chocolate,high,"Dark chocolate tablets are chocolate products, which fall under Confectionery & Chocolate per conflict rules."
supplier_products,f75812b4-80de-4d74-a1c6-a1490838d742,Atstukh Brand Products,18f4fb10-0337-45c8-a9d3-d063052db846,unclassified,Unclassified,high,"Brand name 'Atstukh' with generic 'Other' descriptor provides no product information. Cannot determine category without explicit product details (e.g., ingredients, form, type)."
supplier_products,82d1f525-12d0-45d2-8d27-089f13a16ae7,Fresh Produce,18f4fb10-0337-45c8-a9d3-d063052db846,unclassified,Unclassified,high,Fresh Produce is not represented in allowed categories. Product belongs to Fresh Produce category which is absent from the classification list.
supplier_products,8a2e28c6-74f1-4c7d-af69-1d3c87ff4d29,Carrot,18f4fb10-0337-45c8-a9d3-d063052db846,unclassified,Unclassified,high,Fresh carrot is a raw vegetable/produce item. No allowed category matches fresh produce; closest is 'Canned Vegetables & Pulses' but carrot stated as 'Other' suggests fresh/non-canned form.
supplier_products,0ab3dde7-f62d-4afe-852a-93c1d497d021,Diced Vegetables,18f4fb10-0337-45c8-a9d3-d063052db846,bd1da832-15dd-4186-b365-3e26b38bbdbe,Canned Vegetables & Pulses,high,"Diced vegetables are canned/preserved vegetable products, matching 'Canned Vegetables & Pulses' category exactly."
supplier_products,49fda342-9934-49f3-bd75-410b7f093356,Shredded Vegetables,18f4fb10-0337-45c8-a9d3-d063052db846,bd1da832-15dd-4186-b365-3e26b38bbdbe,Canned Vegetables & Pulses,high,"Shredded vegetables are preserved/processed vegetable products, matching 'Canned Vegetables & Pulses' category scope"
supplier_products,12d95d09-06b3-405d-81f8-b9eba7128942,Matchstick Cut Vegetables,18f4fb10-0337-45c8-a9d3-d063052db846,unclassified,Unclassified,high,"Matchstick cut vegetables are typically preserved/canned vegetable products in julienne form, matching canned vegetables category."
supplier_products,cdb57bac-b45a-4972-bfe3-9c1b9c976a24,Button Mushrooms with Soil - First Quality,18f4fb10-0337-45c8-a9d3-d063052db846,unclassified,Unclassified,high,"Button mushrooms with soil are fresh produce/vegetables. No allowed category covers fresh vegetables or produce. Canned Vegetables & Pulses applies only to processed/canned items, not fresh raw mushrooms."
supplier_products,05817abf-e377-4a05-b659-d0f22afaba18,New Potatoes (Verdete),18f4fb10-0337-45c8-a9d3-d063052db846,unclassified,Unclassified,high,New potatoes (fresh produce) do not match any allowed B2B food sourcing categories. Fresh vegetables are not represented in the category list.
supplier_products,ce8981ae-39a2-4242-be69-9508ad807f5e,Fresh Button Mushrooms,18f4fb10-0337-45c8-a9d3-d063052db846,unclassified,Unclassified,high,Fresh Button Mushrooms is a fresh produce item; no allowed category covers fresh vegetables or produce. Closest option 'Canned Vegetables & Pulses' requires canned/preserved format.
supplier_products,51421d78-6ab5-4875-bfb2-511c31d807e9,Exotic Mushrooms,18f4fb10-0337-45c8-a9d3-d063052db846,unclassified,Unclassified,high,"Exotic mushrooms are fresh produce/vegetables not covered by allowed categories. Closest matches (Canned Vegetables & Pulses, Herbs, Ingredients & Additives) do not fit: mushrooms are not canned here, not herbs, and not B2B raw inputs/additives. Product requires a Fresh Produce or Vegetables category not in the allowed list."
supplier_products,bae906d6-e860-4d3a-baa8-3f911d36f3f6,Yellow Onions,18f4fb10-0337-45c8-a9d3-d063052db846,unclassified,Unclassified,high,Yellow onions are fresh produce/vegetables. No fresh produce category exists in the allowed list.
supplier_products,fe0e9db0-cdc9-4013-b956-fb70285d9cc7,Red Onions,18f4fb10-0337-45c8-a9d3-d063052db846,unclassified,Unclassified,high,Red onions are fresh produce/vegetables. No fresh produce category exists in allowed list.
supplier_products,8a09fda4-7cd2-4e56-80bb-584ff7ee5dfa,Plant Onions - Sturon,18f4fb10-0337-45c8-a9d3-d063052db846,unclassified,Unclassified,high,"Plant Onions (Sturon variety) is fresh produce, not in any allowed category. Fresh vegetables are not covered by the provided classification list."
supplier_products,62ade32f-6c18-4b6f-80b8-6c28248245b6,Cold Kitchen Products,18f4fb10-0337-45c8-a9d3-d063052db846,unclassified,Unclassified,high,"'Cold Kitchen Products — Other' is a vague umbrella category label with no specific product intent. Cannot assign without explicit product details (e.g., type, ingredients, form). Requires clarification."
supplier_products,46dfa0bd-07de-4282-a072-e299b486f433,Handmade Olive Oil Soap,18f4fb10-0337-45c8-a9d3-d063052db846,unclassified,Unclassified,high,"Handmade olive oil soap is a personal care/hygiene product, not a food item. This B2B food sourcing platform has no appropriate food category for non-food products."
supplier_products,418fe47f-4b93-4305-acc3-93941d43bcd7,Potato Quarters (Cooked),18f4fb10-0337-45c8-a9d3-d063052db846,unclassified,Unclassified,medium,"Cooked potato quarters are a prepared/processed vegetable item. While 'Canned Vegetables & Pulses' exists, cooked potatoes in quarters format suggest a ready-to-eat or heat-and-serve prepared component rather than raw canned vegetables. Best match is prepared meals category."
supplier_products,46658caa-17a1-4271-b498-3dccc99a96b6,Potato Slices (Raw),18f4fb10-0337-45c8-a9d3-d063052db846,unclassified,Unclassified,high,"Raw potato slices are a fresh produce ingredient, not matching any allowed B2B food category. Closest option (Savory Snacks & Cereals) is for processed snacks, not raw agricultural commodities."
supplier_products,033411ac-4117-460b-bb58-894aad53cc7d,Potato Slices (Cooked),18f4fb10-0337-45c8-a9d3-d063052db846,f20fccd2-3bbe-4b7d-9b01-6424ef184fba,Savory Snacks & Cereals,high,"Cooked potato slices are a savory snack product, matching Savory Snacks & Cereals category"
supplier_products,6d01f8b7-b39c-43cc-a29c-e10788e3d330,"Beets (Peeled, Whole)",18f4fb10-0337-45c8-a9d3-d063052db846,bd1da832-15dd-4186-b365-3e26b38bbdbe,Canned Vegetables & Pulses,high,"Peeled, whole beets are a canned/preserved vegetable product, fitting Canned Vegetables & Pulses category."
supplier_products,8352383e-4080-4cbd-a50b-f77c944c96c5,Exotic Mushrooms,18f4fb10-0337-45c8-a9d3-d063052db846,unclassified,Unclassified,high,"Exotic mushrooms are fresh produce/fungal products. No matching category in allowed list covers fresh vegetables, produce, or mushrooms."
supplier_products,ccac254e-15e8-42ba-bb4c-4ccf53fb142b,Sliced Button Mushrooms,18f4fb10-0337-45c8-a9d3-d063052db846,bd1da832-15dd-4186-b365-3e26b38bbdbe,Canned Vegetables & Pulses,high,"Sliced button mushrooms are a canned/preserved vegetable product, matching Canned Vegetables & Pulses category"
supplier_products,2fb1ca06-33b0-487e-a15a-f578c01b1e6a,Diced Button Mushrooms,18f4fb10-0337-45c8-a9d3-d063052db846,bd1da832-15dd-4186-b365-3e26b38bbdbe,Canned Vegetables & Pulses,high,"Diced button mushrooms are a canned/preserved vegetable product, matching Canned Vegetables & Pulses category."
supplier_products,89630981-706a-4a7c-8e3f-108699d5de9f,Dehydrated Cultivated Button Mushrooms,18f4fb10-0337-45c8-a9d3-d063052db846,bd1da832-15dd-4186-b365-3e26b38bbdbe,Canned Vegetables & Pulses,high,"Dehydrated cultivated button mushrooms are a preserved vegetable product, fitting Canned Vegetables & Pulses category for shelf-stable vegetable ingredients."
supplier_products,38b9c428-2b85-4663-a66b-230618657c83,Black Truffle - Tuber Melanosporum,18f4fb10-0337-45c8-a9d3-d063052db846,unclassified,Unclassified,high,"Black truffle (Tuber Melanosporum) is a fresh fungal ingredient not covered by provided categories. Closest match 'Herbs' is insufficient—truffles are fungi, not herbs. No culinary ingredient category exists in allowed list."
supplier_products,622aa8d9-ba17-47c7-b559-6c30964fe433,Summer Truffle - Tuber Aestivum,18f4fb10-0337-45c8-a9d3-d063052db846,unclassified,Unclassified,high,"Summer Truffle (Tuber Aestivum) is a fresh fungal product. No allowed category covers fresh mushrooms, truffles, or foraged fungi. Closest candidates (Herbs, Canned & Preserved Goods, Ingredients & Additives) do not match fresh truffle intent."
supplier_products,55208147-cb40-417e-999b-79a0d49d9a3b,Wild Chanterelle Mushrooms,18f4fb10-0337-45c8-a9d3-d063052db846,unclassified,Unclassified,high,"Wild Chanterelle Mushrooms are fresh produce/fungi with no matching category in the allowed list. Closest option 'Canned Vegetables & Pulses' applies only to preserved/canned forms, not fresh mushrooms."
supplier_products,ff37fc25-4a13-4c86-bd5c-0368885c3b0f,Mini Shiitake Mushrooms,18f4fb10-0337-45c8-a9d3-d063052db846,unclassified,Unclassified,high,Mini Shiitake Mushrooms is a fresh produce item. No matching category in allowed list covers fresh vegetables/mushrooms.
supplier_products,4f8b840e-92a0-453c-aa66-b391402746f6,Red Cabbage,18f4fb10-0337-45c8-a9d3-d063052db846,unclassified,Unclassified,medium,"Red cabbage is a vegetable product. Without explicit form (fresh/frozen/canned), 'Other' suggests preserved/shelf-stable format. Best fit is Canned Vegetables & Pulses, though fresh produce is not explicitly covered in allowed categories."
supplier_products,abd9f8d5-5271-425a-bef5-a4388903199b,Potatoes,18f4fb10-0337-45c8-a9d3-d063052db846,unclassified,Unclassified,high,"Raw potatoes are a fresh produce item; none of the allowed categories cover fresh vegetables or root crops. This does not fit Canned Vegetables & Pulses (canned only), Prepared Meals (processed/frozen), or any other allowed category."
supplier_products,f718c8f7-8c19-4795-9295-feebb9cd401e,Carrots,18f4fb10-0337-45c8-a9d3-d063052db846,unclassified,Unclassified,high,"Carrots are fresh produce/vegetables. No fresh produce category exists in allowed list. 'Canned Vegetables & Pulses' is for processed/canned only, not fresh carrots."
supplier_products,5e4e0299-5351-4a94-960b-a3f14927cce9,Beetroot,18f4fb10-0337-45c8-a9d3-d063052db846,unclassified,Unclassified,low,JSON parse error
supplier_products,46cb7d91-b672-4f0e-b1e2-f814bd00e06e,Celery,18f4fb10-0337-45c8-a9d3-d063052db846,unclassified,Unclassified,high,Celery is a fresh produce vegetable. No fresh produce category exists in the allowed list. Does not match any provided category.
supplier_products,cefbfdf4-2258-48e0-b5fd-6b2c03d459d8,Cauliflower,18f4fb10-0337-45c8-a9d3-d063052db846,unclassified,Unclassified,high,"Cauliflower is a fresh vegetable. No allowed category covers fresh produce/vegetables. Closest option 'Canned Vegetables & Pulses' requires preserved form, which is not indicated here."
supplier_products,b3907126-6f37-4d8f-be10-166522ec6169,Radicchio Chicory,18f4fb10-0337-45c8-a9d3-d063052db846,unclassified,Unclassified,high,Radicchio chicory is a fresh vegetable produce item. No produce/fresh vegetables category exists in the allowed list.
supplier_products,055441fa-520d-40e5-af6b-866e373e175e,Apple Puree,18f4fb10-0337-45c8-a9d3-d063052db846,6b051f68-90c2-4ba4-9535-f678cd268cf8,Canned & Preserved Goods,high,"Apple puree is a preserved fruit product, fits Canned & Preserved Goods as a shelf-stable processed fruit item"
supplier_products,355db05c-cbfd-4dd7-81e2-cfbf67a026eb,Sunflower Husk Pellets,18f4fb10-0337-45c8-a9d3-d063052db846,unclassified,Unclassified,high,"Sunflower husk pellets are agricultural/industrial byproduct material, not a food product for human consumption. Does not match any B2B food sourcing category."
supplier_products,2d0dda98-5e1f-4c5d-b271-720c0cc7e564,Primo Brand Products,18f4fb10-0337-45c8-a9d3-d063052db846,unclassified,Unclassified,low,Primo Brand 'Other' is a vague catch-all descriptor without explicit product identity. Cannot assign without knowing actual product type (food category unknown).
supplier_products,e5733b80-058e-4520-a3a9-d896b748a90a,King Oyster Mushrooms - Pleurotus Eryngii,18f4fb10-0337-45c8-a9d3-d063052db846,unclassified,Unclassified,high,"King Oyster Mushrooms (Pleurotus Eryngii) is a fresh produce item. No allowed category covers fresh vegetables/mushrooms. Closest options (Canned Vegetables, Ingredients & Additives, Plant-Based Proteins) do not apply: not canned, not a raw B2B input ingredient, and not a protein product."
supplier_products,8dd67dac-8e32-43f8-820e-31fe4c75e938,Fresh Fruit,18f4fb10-0337-45c8-a9d3-d063052db846,unclassified,Unclassified,high,Fresh fruit is not represented in the allowed category list. No suitable match exists among provided options.
supplier_products,4b7220b9-8b5a-4282-8041-573d4ffb566d,Prepared Vegetables and Fruit,18f4fb10-0337-45c8-a9d3-d063052db846,6b051f68-90c2-4ba4-9535-f678cd268cf8,Canned & Preserved Goods,high,"Prepared vegetables and fruit fall under canned & preserved goods category; not frozen (which would be Prepared Meals), not fresh, not a raw ingredient"
supplier_products,51bb7539-71c1-4df4-b502-82daa51d095d,"Peeled Potatoes (Whole, Raw)",18f4fb10-0337-45c8-a9d3-d063052db846,unclassified,Unclassified,high,"Peeled potatoes (whole, raw) are fresh produce, not covered by any allowed category. No vegetable, produce, or fresh ingredient category exists in the allowed list."
supplier_products,2801b771-7c76-43ed-bdd7-462071701286,"Potatoes with Skin (Whole, Raw)",18f4fb10-0337-45c8-a9d3-d063052db846,unclassified,Unclassified,high,"Raw whole potatoes with skin are fresh produce, not represented in the allowed B2B food categories which focus on processed/packaged goods, proteins, condiments, and prepared items."
supplier_products,ac5f46ec-437d-4350-934c-754abedf85b9,"Peeled Potatoes (Whole, Cooked)",18f4fb10-0337-45c8-a9d3-d063052db846,bd1da832-15dd-4186-b365-3e26b38bbdbe,Canned Vegetables & Pulses,high,"Peeled potatoes (whole, cooked) are a canned/preserved vegetable product, matching Canned Vegetables & Pulses category."
supplier_products,2a19ac39-4501-4627-9d27-b91f32e46fca,"Potatoes with Skin (Whole, Cooked)",18f4fb10-0337-45c8-a9d3-d063052db846,bd1da832-15dd-4186-b365-3e26b38bbdbe,Canned Vegetables & Pulses,high,"Cooked potatoes with skin are a canned/preserved vegetable product, fitting Canned Vegetables & Pulses category."
supplier_products,383e2447-44ec-46bb-a33c-8fa713b443d9,Beets (Cut),18f4fb10-0337-45c8-a9d3-d063052db846,bd1da832-15dd-4186-b365-3e26b38bbdbe,Canned Vegetables & Pulses,high,"Cut beets are a canned or preserved vegetable product, matching Canned Vegetables & Pulses category."
supplier_products,0ae611bf-0e04-4f4c-a50d-9416721f7171,"Onions (Peeled, Whole)",18f4fb10-0337-45c8-a9d3-d063052db846,unclassified,Unclassified,high,"Peeled whole onions are fresh produce, not in any allowed B2B food category. No matching category exists for fresh vegetables/produce."
supplier_products,4c686b07-b403-429f-b570-244a9572f46a,Onions (Cut),18f4fb10-0337-45c8-a9d3-d063052db846,unclassified,Unclassified,high,"Cut onions are fresh/processed vegetables; no matching category in allowed list. 'Canned Vegetables & Pulses' requires preserved/canned format; 'Ingredients & Additives' is B2B raw inputs only, not finished produce SKUs."
supplier_products,a1bf8190-a162-4606-89b6-a5aa9891ca7f,Boyarskoye Brand Products,18f4fb10-0337-45c8-a9d3-d063052db846,unclassified,Unclassified,high,"Boyarskoye Brand Products — Other is a generic brand/portfolio label with no specific product information. Cannot assign without explicit product details (ingredients, form, usage)."
supplier_products,cea72ad0-295d-425e-94b3-592978779f75,Fresh Vegetables,18f4fb10-0337-45c8-a9d3-d063052db846,unclassified,Unclassified,high,"Fresh vegetables are not represented in the allowed category list. 'Fresh Vegetables — Other' does not match any provided category (allowed categories are processed/preserved items, proteins, grains, sauces, beverages, etc.)."
supplier_products,a6935a44-67e7-4aea-a464-48d78075fd0c,Mugello PGI Marrons,18f4fb10-0337-45c8-a9d3-d063052db846,6b051f68-90c2-4ba4-9535-f678cd268cf8,Canned & Preserved Goods,high,"Mugello PGI Marrons are chestnuts with protected geographical indication status, typically preserved/canned. Fits Canned & Preserved Goods as whole preserved fruit product."
supplier_products,2063d947-8f71-4518-b077-05e0d4eba2b6,HELIO Catering Line,18f4fb10-0337-45c8-a9d3-d063052db846,unclassified,Unclassified,high,"HELIO Catering Line — Other is a vague, non-descriptive product label with no specific food category indicators. 'Other' suggests miscellaneous/undefined product type. Cannot assign without explicit product intent."
supplier_products,fe41a973-72cb-4480-ad2f-fa3984a2d572,Peeled Potatoes,18f4fb10-0337-45c8-a9d3-d063052db846,unclassified,Unclassified,high,"Peeled potatoes are a fresh/prepared vegetable product. No allowed category matches: not canned/preserved, not a finished meal, not an ingredient input. Falls outside B2B food sourcing platform scope."
supplier_products,68912569-2223-429c-b525-8df61d205667,Peeled Vegetables (Mixed),18f4fb10-0337-45c8-a9d3-d063052db846,bd1da832-15dd-4186-b365-3e26b38bbdbe,Canned Vegetables & Pulses,high,"Peeled vegetables (mixed) are preserved/prepared vegetables, matching Canned Vegetables & Pulses category scope."
supplier_products,cff30f45-24e7-46ee-bbee-63c832b0d48c,Cut Vegetables,18f4fb10-0337-45c8-a9d3-d063052db846,unclassified,Unclassified,high,"Cut vegetables (fresh/raw) do not match any allowed category. Fresh produce is outside scope; frozen vegetables would map to Prepared Meals, but 'cut vegetables—other' appears to be fresh produce classification."
supplier_products,f798310c-7b71-4bb6-a72b-16d3d1c46a8b,Fresh Chestnuts,18f4fb10-0337-45c8-a9d3-d063052db846,unclassified,Unclassified,high,Fresh chestnuts are a raw produce item; no allowed category covers fresh nuts/produce
supplier_products,d6dee689-97b3-4a54-b164-3aee0754201b,Iron-Bar Yam,18f4fb10-0337-45c8-a9d3-d063052db846,unclassified,Unclassified,medium,Iron-Bar is a branded snack bar product; 'Yam' indicates sweet potato/yam flavor variant. Bar products map to Sweet Biscuits & Bars category.
supplier_products,8b531e82-3f40-4b55-b33b-f4d8f4c22811,Roasted Sweet Potato,18f4fb10-0337-45c8-a9d3-d063052db846,unclassified,Unclassified,high,"Roasted sweet potato is a fresh/processed vegetable product. No allowed category matches: not canned/preserved vegetables, not a prepared meal, not an ingredient. Closest would be 'Canned Vegetables & Pulses' but product is roasted (processed), not canned/preserved in traditional sense."
supplier_products,e5039d25-a529-416c-9eba-8edcdcc64480,Halawa Pistachio,18f4fb10-0337-45c8-a9d3-d063052db846,ff37e8ca-cb21-42c1-9955-7eb1f6132f06,Confectionery & Chocolate,high,"Halawa pistachio is a traditional sesame and pistachio confectionery/candy product. Halawa is a sweet paste confection, placing it squarely in Confectionery & Chocolate."
supplier_products,be34d763-deb7-42ef-9dad-cad2765ff96a,Halawa Hazelnut,18f4fb10-0337-45c8-a9d3-d063052db846,ff37e8ca-cb21-42c1-9955-7eb1f6132f06,Confectionery & Chocolate,high,"Halawa (tahini-based confection) with hazelnut is a sweet confectionery product, not a chocolate-coated item, fitting Confectionery & Chocolate category."
supplier_products,ca7cc642-fb69-4cc1-987a-ff3ea60aa900,Fresh Tomatoes,18f4fb10-0337-45c8-a9d3-d063052db846,unclassified,Unclassified,high,Fresh tomatoes (raw produce) do not match any allowed category. Tomato Products (id: 2b5f3c21-1770-4da3-b0ec-6147ffbcc8c7) is restricted to canned/preserved/processed tomato only per conflict rules.
supplier_products,6c6fa846-668d-4f39-ae59-71573ba150c1,Halawa Chocolate,18f4fb10-0337-45c8-a9d3-d063052db846,ff37e8ca-cb21-42c1-9955-7eb1f6132f06,Confectionery & Chocolate,high,Halawa chocolate is a chocolate-based confectionery product. Conflict rule explicitly assigns chocolate products to Confectionery & Chocolate.
supplier_products,157d961a-ccc2-46eb-b4c3-13bc2dd2c045,Appetizers (Mezze),18f4fb10-0337-45c8-a9d3-d063052db846,unclassified,Unclassified,medium,"Mezze appetizers are typically savory finger foods (olives, nuts, cheese, vegetables); closest match is Savory Snacks & Cereals, though 'Other' designation creates ambiguity about specific contents."
supplier_products,2fbf3660-110f-4c1c-8513-cbf9e8e2825a,Ready-to-Eat Sweet Lotus Seeds,18f4fb10-0337-45c8-a9d3-d063052db846,unclassified,Unclassified,medium,"Ready-to-eat sweet lotus seeds are a preserved/ready-to-consume snack product. Not a biscuit, confectionery, or fresh item. Canned & Preserved Goods is the best fit for shelf-stable, preserved seed products."
supplier_products,b44f76d5-44de-47f2-a2bf-dc09fad8fd37,Bee Honey,18f4fb10-0337-45c8-a9d3-d063052db846,baf81f58-194d-4810-9367-152fac1349bf,Sugars & Sweeteners,high,"Bee honey is a natural sweetener; matches conflict rule: 'Honey, syrups, sugar, sweetener solutions -> Sugars & Sweeteners'"
supplier_products,8c60144e-0429-40e2-9c20-cf4bdc7a97ff,Cuneo IGP Chestnuts,18f4fb10-0337-45c8-a9d3-d063052db846,unclassified,Unclassified,high,"Cuneo IGP chestnuts are fresh/whole nuts. No allowed category matches fresh nuts/tree nuts. Closest would be Canned & Preserved Goods if preserved, but product text indicates whole chestnuts without preservation method confirmation."
supplier_products,6bcb21f3-3bbd-4672-9551-4b007bc15e31,Dried Mango,18f4fb10-0337-45c8-a9d3-d063052db846,unclassified,Unclassified,high,"Dried mango is a sweet, shelf-stable dried fruit snack. It functions as a confectionery/candy product in B2B food sourcing, similar to other dried fruit confections."
supplier_products,68c92f98-ca8f-4ca7-a46e-bc801bc06905,70.30 Honey,18f4fb10-0337-45c8-a9d3-d063052db846,baf81f58-194d-4810-9367-152fac1349bf,Sugars & Sweeteners,high,Honey is explicitly listed in conflict rules under Sugars & Sweeteners category
supplier_products,89c1d46c-7e57-4584-9a5e-e5e181cc5a42,Plant Onions - Stuttgarter,18f4fb10-0337-45c8-a9d3-d063052db846,unclassified,Unclassified,high,Plant Onions (Stuttgarter variety) is a fresh produce item. No produce/fresh vegetables category exists in the allowed list.
supplier_products,893b8f75-ff65-4166-8c5d-f7e36dd9f7c5,Marrone Fiorentino IGP,18f4fb10-0337-45c8-a9d3-d063052db846,unclassified,Unclassified,high,"Marrone Fiorentino IGP is a chestnut variety (Italian protected designation). No allowed category exists for nuts, dried fruits, or whole produce items. Does not match any provided B2B food sourcing categories."
supplier_products,8a6b9239-92a1-48f1-83de-cad7e772b6c8,Coriander Honey,18f4fb10-0337-45c8-a9d3-d063052db846,baf81f58-194d-4810-9367-152fac1349bf,Sugars & Sweeteners,high,Honey is explicitly a sweetener product per conflict rules (Sugars & Sweeteners category). Coriander variety does not change classification.
supplier_products,9052e21c-c71b-4fd6-a022-5f961a8c01cb,Carrots,18f4fb10-0337-45c8-a9d3-d063052db846,unclassified,Unclassified,high,Fresh carrots are a raw produce item; no allowed category covers fresh vegetables/produce
supplier_products,64fb99fb-4aad-4ec8-ab59-9c3ffe141966,Beets,18f4fb10-0337-45c8-a9d3-d063052db846,bd1da832-15dd-4186-b365-3e26b38bbdbe,Canned Vegetables & Pulses,high,Beets are a vegetable product; canned/preserved beets fall under Canned Vegetables & Pulses category.
supplier_products,c7b41df4-ae19-4ee4-919d-16e67891977f,Celeriac,18f4fb10-0337-45c8-a9d3-d063052db846,unclassified,Unclassified,high,Celeriac is a fresh vegetable root crop; no category in the allowed list covers fresh produce or fresh vegetables.
supplier_products,9f0a1c90-1c86-42a9-b1a1-5725efb620a8,Fresh Champignons,18f4fb10-0337-45c8-a9d3-d063052db846,unclassified,Unclassified,high,"Fresh Champignons (mushrooms) are fresh produce/vegetables. No allowed category covers fresh vegetables or fresh produce. Canned Vegetables & Pulses is for preserved items only, not fresh."
supplier_products,9d5362a1-4ddc-425c-9cb3-6c976f2319b9,Rutabagas,18f4fb10-0337-45c8-a9d3-d063052db846,unclassified,Unclassified,high,Rutabagas are fresh root vegetables; no allowed category covers fresh produce/vegetables. Canned Vegetables & Pulses requires preservation format not indicated here.
supplier_products,48105e54-12db-43ac-ac49-dcf24aad6877,Halawa Tahinia Plain,18f4fb10-0337-45c8-a9d3-d063052db846,ff37e8ca-cb21-42c1-9955-7eb1f6132f06,Confectionery & Chocolate,high,"Halawa (sesame paste confection) is a sweet, spreadable confectionery product typically made from tahini and sugar. Classified as Confectionery & Chocolate per conflict rules for sweet spreads."
supplier_products,27496ff6-c4fe-4769-a647-346d7b10b602,Pear and Apple Puree,18f4fb10-0337-45c8-a9d3-d063052db846,6b051f68-90c2-4ba4-9535-f678cd268cf8,Canned & Preserved Goods,high,"Pear and apple puree is a preserved fruit product, typical of canned & preserved goods category"
supplier_products,7a9094a3-06be-4e40-9560-68a8debfa91e,Apple and Banana Puree,18f4fb10-0337-45c8-a9d3-d063052db846,unclassified,Unclassified,high,"Apple and Banana Puree is a fruit puree product. No allowed category explicitly covers fruit purees or fruit preparations. Closest options (Canned & Preserved Goods, Prepared Meals) are not appropriate matches. Product requires a Fruit Products or similar category not in the allowed list."
supplier_products,593730d6-5bd0-4d72-9822-d36bdc72068d,Apple and Mango Puree,18f4fb10-0337-45c8-a9d3-d063052db846,6b051f68-90c2-4ba4-9535-f678cd268cf8,Canned & Preserved Goods,high,"Apple and mango puree is a processed fruit product typically sold in canned or preserved form, fitting 'Canned & Preserved Goods' category."
supplier_products,2546dc16-2e8e-4c76-8783-a3e179c78f56,Apple and Peach Puree,18f4fb10-0337-45c8-a9d3-d063052db846,6b051f68-90c2-4ba4-9535-f678cd268cf8,Canned & Preserved Goods,high,Apple and Peach Puree is a preserved fruit product; best match is Canned & Preserved Goods as a finished food item.
supplier_products,bfd7ea6f-19d5-4111-ab07-ff98c9349c6f,Cabbage,18f4fb10-0337-45c8-a9d3-d063052db846,unclassified,Unclassified,high,Cabbage is a fresh produce item. No fresh vegetables or produce category exists in the allowed list.
supplier_products,93e14aae-ac57-4032-b154-1c8b90320a6d,Apple and Carrot Puree,18f4fb10-0337-45c8-a9d3-d063052db846,6b051f68-90c2-4ba4-9535-f678cd268cf8,Canned & Preserved Goods,high,"Apple and Carrot Puree is a preserved fruit/vegetable product, best classified under Canned & Preserved Goods as a shelf-stable puree product."
supplier_products,999f8566-7807-4954-a580-3b3121929e68,Fruit Salad Puree,18f4fb10-0337-45c8-a9d3-d063052db846,unclassified,Unclassified,high,"Fruit salad puree is a prepared fruit product that does not fit the allowed categories. It is neither a preserved good (canned/jarred fruit), nor a beverage, nor an ingredient. No matching category exists."
supplier_products,4745a483-60bc-499e-998c-29907c256468,Apple and Sweet Potato Puree,18f4fb10-0337-45c8-a9d3-d063052db846,6b051f68-90c2-4ba4-9535-f678cd268cf8,Canned & Preserved Goods,high,"Apple and sweet potato puree is a preserved/canned fruit and vegetable product, matching Canned & Preserved Goods category"
supplier_products,fc9df6d5-59e1-478b-a50d-0fc7e7fecbff,Apple and Prune Puree,18f4fb10-0337-45c8-a9d3-d063052db846,6b051f68-90c2-4ba4-9535-f678cd268cf8,Canned & Preserved Goods,high,"Apple and prune puree is a preserved fruit product, typically canned or shelf-stable. Fits Canned & Preserved Goods as a finished food product."
supplier_products,47f9173b-77e8-4540-a84f-115c93dfbbc8,Wildflower Honey,18f4fb10-0337-45c8-a9d3-d063052db846,baf81f58-194d-4810-9367-152fac1349bf,Sugars & Sweeteners,high,Honey is explicitly listed in conflict rules as Sugars & Sweeteners category
supplier_products,5e38af06-c12b-4319-b45d-dbde2c3da39a,Sulla Honey,18f4fb10-0337-45c8-a9d3-d063052db846,baf81f58-194d-4810-9367-152fac1349bf,Sugars & Sweeteners,high,Honey is explicitly listed in conflict rules as a Sugars & Sweeteners product.
supplier_products,d3560200-7918-440e-b73d-629482395ae0,Fresh Apricots,18f4fb10-0337-45c8-a9d3-d063052db846,unclassified,Unclassified,high,"Fresh Apricots are a fresh fruit product. No allowed category covers fresh produce/fruits. Closest non-fruit categories (Canned & Preserved Goods, Canned Vegetables & Pulses) are for processed/preserved items, not fresh fruit."
supplier_products,80d85833-87cf-41bc-ab1e-ed159c332bc3,Fresh Oranges - Navalines,18f4fb10-0337-45c8-a9d3-d063052db846,unclassified,Unclassified,high,"Fresh Oranges are a fresh fruit product. No allowed category covers fresh produce/fruits. The allowed list contains only processed, preserved, or specialty food items."
supplier_products,8748a2ef-728a-43a6-97eb-eda5fce83f8e,Fresh Oranges - Navel,18f4fb10-0337-45c8-a9d3-d063052db846,unclassified,Unclassified,high,Fresh Oranges (whole fruit) do not match any allowed category. Fresh produce/citrus fruits are not represented in the allowed category list.
supplier_products,dba39075-5584-44c8-afec-f167d1354e36,Pear Puree,18f4fb10-0337-45c8-a9d3-d063052db846,6b051f68-90c2-4ba4-9535-f678cd268cf8,Canned & Preserved Goods,high,"Pear puree is a processed fruit product typically found in canned or preserved form, fitting Canned & Preserved Goods category."
supplier_products,b5a4bb40-e0a1-4f5c-8f63-08aa2efabb67,Fresh Tangerines - Nova,18f4fb10-0337-45c8-a9d3-d063052db846,unclassified,Unclassified,high,Fresh Tangerines (citrus fruit) do not match any allowed category. No fresh produce or fruits category exists in the provided list.
supplier_products,01c645ca-d9d1-4067-b024-8c8a87135920,Fresh Tangerines - Optanik,18f4fb10-0337-45c8-a9d3-d063052db846,unclassified,Unclassified,high,"Fresh Tangerines are fresh fruit, not covered by any allowed category in this food sourcing platform catalog"
supplier_products,d35320eb-6a2f-4c85-8183-40219201b9fa,Fresh Kiwi,18f4fb10-0337-45c8-a9d3-d063052db846,unclassified,Unclassified,high,"Fresh Kiwi is a fresh fruit; no allowed category covers fresh produce/fruits. All categories are processed/packaged foods, proteins, or ingredients."
supplier_products,fce2e0e0-38fb-41e0-b6d4-05d5753761e4,Fresh Melons,18f4fb10-0337-45c8-a9d3-d063052db846,unclassified,Unclassified,high,"Fresh melons are produce/fresh fruit. No matching category in the allowed list covers fresh produce, fruits, or vegetables."
supplier_products,fb127b17-d996-443e-bbd1-e58340b5bc70,Freeze Dried Pet Treats,18f4fb10-0337-45c8-a9d3-d063052db846,unclassified,Unclassified,high,"Pet treats are not food for human consumption and do not fit any B2B food sourcing category in the allowed list. This is a pet product, outside scope."
supplier_products,a3d08c89-e142-4087-8a50-886ff7c56eeb,Medjool Dates Premium Quality,18f4fb10-0337-45c8-a9d3-d063052db846,unclassified,Unclassified,high,"Medjool dates are a fresh dried fruit product. No matching category in the allowed list covers dried fruits or nuts. Closest candidates (Confectionery, Sugars & Sweeteners, Canned & Preserved Goods) do not fit: dates are not chocolate/candy, not a sweetener ingredient, and not canned/preserved in the traditional sense."
supplier_products,98b96cfd-590a-431d-baba-db868dceba57,Ramadan Gift Bags Set,18f4fb10-0337-45c8-a9d3-d063052db846,unclassified,Unclassified,high,"Gift bags set is packaging/merchandising, not a food product. No actual food content specified."
supplier_products,9d8fb29e-41b7-4a4f-8cb7-d37cf57a2013,Ramadan Gift Sets,18f4fb10-0337-45c8-a9d3-d063052db846,unclassified,Unclassified,high,"Gift sets are packaging/marketing constructs, not product categories. Contents are unknown ('Other'). Cannot classify without explicit product composition."
supplier_products,211e1eaa-7b2a-4f62-8611-8054e1b5f891,Frozen Nuts,18f4fb10-0337-45c8-a9d3-d063052db846,unclassified,Unclassified,high,"Frozen nuts are a raw ingredient/snack product not explicitly covered by allowed categories. While 'Savory Snacks & Cereals' might seem close, frozen nuts without further context (e.g., roasted, salted, chocolate-coated) do not cleanly fit as a finished snack product or ingredient additive. Classification requires explicit product specification."
supplier_products,d29969cb-740f-4039-acba-0ab4f0f661cb,SaiChé Fresh Soups,18f4fb10-0337-45c8-a9d3-d063052db846,c49e821f-fff8-4ac1-af10-c6db4c8564ab,Prepared Meals (Frozen & Shelf-Stable),high,"Fresh soups are prepared meals, typically shelf-stable or refrigerated ready-to-eat products matching Prepared Meals category"
supplier_products,4fd0098c-a9b9-4b39-b585-0121cfbf5d60,Fresh Tangerines - Clementine,18f4fb10-0337-45c8-a9d3-d063052db846,unclassified,Unclassified,high,"Fresh tangerines/clementines are fresh produce (citrus fruits), not present in allowed category list"
supplier_products,0f02a06c-3e52-4176-b3de-f7ca8e4c98ee,Çiğ Köfte Sushi,18f4fb10-0337-45c8-a9d3-d063052db846,unclassified,Unclassified,high,"Çiğ Köfte Sushi is a prepared meat dish (Turkish raw meatball traditionally served with sushi-style presentation). It does not fit savory snacks, and Raw Meat & Poultry is for uncooked ingredients, not finished prepared meals. No suitable category in allowed list for prepared/cooked meat dishes."
supplier_products,14a61420-5bd6-43be-907e-57a88ff63c6a,Fresh Coleslaw Mix,18f4fb10-0337-45c8-a9d3-d063052db846,unclassified,Unclassified,high,"Fresh Coleslaw Mix is a fresh vegetable product; no allowed category covers fresh produce or salad mixes. Closest options (Canned Vegetables, Prepared Meals) do not apply—this is neither canned nor a complete meal."
supplier_products,f887942d-4991-4fc5-8489-522e0d37a344,Iceberg Lettuce (Shredded),18f4fb10-0337-45c8-a9d3-d063052db846,unclassified,Unclassified,high,"Iceberg lettuce (shredded) is fresh produce/vegetables. No allowed category covers fresh vegetables; closest matches (Canned Vegetables, Herbs) are inappropriate for fresh lettuce."
supplier_products,23daeae5-0d3d-4982-a168-d54492edca3d,Green Lettuce (Shredded),18f4fb10-0337-45c8-a9d3-d063052db846,unclassified,Unclassified,high,"Green lettuce (shredded) is a fresh vegetable product. No allowed category covers fresh produce/vegetables. Closest partial match (Canned Vegetables & Pulses) is for preserved items only, not fresh. Product does not fit any permitted category."
supplier_products,87d6da38-02a2-4a4c-bd8b-8878ad5759a3,Braised Potatoes with Various Flavors,18f4fb10-0337-45c8-a9d3-d063052db846,6b051f68-90c2-4ba4-9535-f678cd268cf8,Canned & Preserved Goods,high,"Braised potatoes with flavors is a prepared vegetable dish, most accurately classified as canned/preserved goods rather than frozen prepared meals (no indication of frozen status). Falls under Canned & Preserved Goods."
supplier_products,ce5b430a-3088-42a4-8242-4bc8ea56f06c,Fresh Fruits,18f4fb10-0337-45c8-a9d3-d063052db846,unclassified,Unclassified,high,Fresh Fruits are not covered by any allowed category in this B2B food sourcing platform's taxonomy
supplier_products,6b27f110-dbfb-47a7-842e-5a35a08099bc,Fresh Vegetables,18f4fb10-0337-45c8-a9d3-d063052db846,unclassified,Unclassified,high,Fresh vegetables are not represented in the allowed category list. No category exists for fresh produce/vegetables.
supplier_products,f3b6c867-d28b-4dbd-95de-2a36db315b2c,Fresh Flowers,18f4fb10-0337-45c8-a9d3-d063052db846,unclassified,Unclassified,high,Fresh flowers are not food products and do not match any allowed food sourcing category
supplier_products,624c803d-66e8-4a3f-9641-03a932d35543,Çiğ Köfte Wrap,18f4fb10-0337-45c8-a9d3-d063052db846,unclassified,Unclassified,high,"Çiğ Köfte Wrap is a prepared meal (Turkish raw meatball wrap), not a finished packaged food in the allowed categories. It requires fresh preparation and does not match Prepared Meals (Frozen & Shelf-Stable), Raw Meat & Poultry, or Bakery categories as a complete product."
supplier_products,6a929816-fef5-43c0-be1c-5d7c29f57b2f,Çiğ Köfte Taco,18f4fb10-0337-45c8-a9d3-d063052db846,unclassified,Unclassified,high,"Çiğ Köfte Taco is a prepared meal/street food item combining raw meat-based köfte with taco format. Does not fit cleanly into allowed categories: not a snack, not a prepared frozen meal, not a protein isolate/plant-based product. Requires specialized prepared foods or street food category not in list."
supplier_products,7d5665d8-860f-4717-b852-ccec2e1bc01c,Ripened Exotic Fruits,18f4fb10-0337-45c8-a9d3-d063052db846,unclassified,Unclassified,high,Ripened exotic fruits (fresh produce) do not match any allowed B2B food sourcing category. No fresh fruit category exists in the allowed list.
supplier_products,c46da786-d958-44f0-8793-d2683c126fd6,Dried Fruits,18f4fb10-0337-45c8-a9d3-d063052db846,unclassified,Unclassified,high,Dried fruits do not match any allowed category. No specific dried fruit category exists in the allowed list.
supplier_products,729e758c-ef10-4873-ba84-1b063bdda626,Mediterranean Honey,18f4fb10-0337-45c8-a9d3-d063052db846,baf81f58-194d-4810-9367-152fac1349bf,Sugars & Sweeteners,high,Honey is explicitly listed in conflict rules as honey/syrups/sugar/sweetener solutions -> Sugars & Sweeteners
supplier_products,cb020ec9-2e87-464b-aaa8-e0da5789b34b,Honey with Pollen and Royal Jelly,18f4fb10-0337-45c8-a9d3-d063052db846,baf81f58-194d-4810-9367-152fac1349bf,Sugars & Sweeteners,high,"Honey with pollen and royal jelly is a honey-based sweetener product, classified under Sugars & Sweeteners per conflict rules."
supplier_products,d87ffe4a-9bb1-4070-8f46-3cf2b6542b8b,Oak Honey,18f4fb10-0337-45c8-a9d3-d063052db846,baf81f58-194d-4810-9367-152fac1349bf,Sugars & Sweeteners,high,"Honey is explicitly a sweetener/sugar product per conflict rules: 'Honey, syrups, sugar, sweetener solutions -> Sugars & Sweeteners'"
supplier_products,77c29d01-6f8b-47bb-a3d8-7602b472db8f,Lemon Honey,18f4fb10-0337-45c8-a9d3-d063052db846,baf81f58-194d-4810-9367-152fac1349bf,Sugars & Sweeteners,high,"Lemon Honey is a honey-based product. Per conflict rules, honey → Sugars & Sweeteners category."
supplier_products,46a9b7de-5ca6-4f76-9e3e-9063e85cc85f,Almond Honey,18f4fb10-0337-45c8-a9d3-d063052db846,baf81f58-194d-4810-9367-152fac1349bf,Sugars & Sweeteners,high,"Almond Honey is a honey-based product. Per conflict rules, honey → Sugars & Sweeteners category."
supplier_products,9b1d4fb0-b4bf-4164-84ad-7f42c8a7af19,Aloe Vera Honey,18f4fb10-0337-45c8-a9d3-d063052db846,baf81f58-194d-4810-9367-152fac1349bf,Sugars & Sweeteners,high,Honey is a sweetener product; aloe vera honey is a honey-based product falling under Sugars & Sweeteners per conflict rules.
supplier_products,81875501-89cd-4796-b036-4a514558d5ad,Mountain Honey,18f4fb10-0337-45c8-a9d3-d063052db846,baf81f58-194d-4810-9367-152fac1349bf,Sugars & Sweeteners,high,Honey is explicitly listed in Sugars & Sweeteners conflict rule. Mountain Honey is a honey product.
supplier_products,72bf394c-940c-4627-91b2-351615518690,Fresh Whole Beetroot,18f4fb10-0337-45c8-a9d3-d063052db846,unclassified,Unclassified,high,"Fresh whole beetroot is a raw vegetable/produce item. No allowed category covers fresh produce; closest options (Canned Vegetables & Pulses, Ingredients & Additives) are for processed/preserved or B2B raw inputs only, not fresh whole vegetables."
supplier_products,fe0f439e-dc59-4cec-a70d-bef42794fdc4,Ripened Bananas,18f4fb10-0337-45c8-a9d3-d063052db846,unclassified,Unclassified,high,"Ripened bananas are fresh produce, not present in the allowed category list. No fruit/fresh produce category exists."
supplier_products,ad881bd6-4ab3-441a-8717-4983bb75665c,Filled Chocolates,18f4fb10-0337-45c8-a9d3-d063052db846,ff37e8ca-cb21-42c1-9955-7eb1f6132f06,Confectionery & Chocolate,high,"Filled chocolates are chocolate-based confectionery products, explicitly covered by conflict rule: Chocolate / chocolate-coated / spreads -> Confectionery & Chocolate"
supplier_products,b0b606fe-767c-4b0c-b8b0-8245fbbd5cf9,Seasonal Sweet Gift Boxes,18f4fb10-0337-45c8-a9d3-d063052db846,ff37e8ca-cb21-42c1-9955-7eb1f6132f06,Confectionery & Chocolate,medium,"Seasonal gift boxes typically contain confectionery, chocolate, and sweet treats. Without specific contents listed, Confectionery & Chocolate is the best match for sweet gift box assortments."
supplier_products,2103343a-01c8-444c-b424-47c1382dbecd,Organic Milk Chocolate Tablets,18f4fb10-0337-45c8-a9d3-d063052db846,ff37e8ca-cb21-42c1-9955-7eb1f6132f06,Confectionery & Chocolate,high,"Milk chocolate tablets are chocolate products, which fall under Confectionery & Chocolate per conflict rules."
supplier_products,50ec0983-add4-4387-b4ae-a1fe0287fa39,Dark Chocolate Tablets,18f4fb10-0337-45c8-a9d3-d063052db846,ff37e8ca-cb21-42c1-9955-7eb1f6132f06,Confectionery & Chocolate,high,"Dark chocolate tablets are chocolate products, which per conflict rules must be assigned to Confectionery & Chocolate."
supplier_products,e8667acc-c4fa-4e75-8a14-26ba0b7cad8a,Milk Chocolate Tablets,18f4fb10-0337-45c8-a9d3-d063052db846,ff37e8ca-cb21-42c1-9955-7eb1f6132f06,Confectionery & Chocolate,high,"Milk chocolate tablets are chocolate products, which explicitly fall under Confectionery & Chocolate per conflict rules."
supplier_products,e1fb42e1-b5b4-43c1-b938-c8ce9e7f4446,Turrón de Alicante (Hard Nougat),18f4fb10-0337-45c8-a9d3-d063052db846,ff37e8ca-cb21-42c1-9955-7eb1f6132f06,Confectionery & Chocolate,high,"Turrón de Alicante is a traditional Spanish nougat confection made with nuts, honey, and sugar. It is a finished confectionery product, distinctly different from biscuits or chocolate-coated items, and belongs in Confectionery & Chocolate."
supplier_products,861b7b80-f40a-433c-8468-c74800df55c8,Chocolate Nougat,18f4fb10-0337-45c8-a9d3-d063052db846,ff37e8ca-cb21-42c1-9955-7eb1f6132f06,Confectionery & Chocolate,high,Chocolate nougat is a chocolate-based confectionery product. Conflict rule: Chocolate/chocolate-coated items map to Confectionery & Chocolate.
supplier_products,ff273af7-2f8a-4a2c-a678-54aa028734fa,Marzipan,18f4fb10-0337-45c8-a9d3-d063052db846,ff37e8ca-cb21-42c1-9955-7eb1f6132f06,Confectionery & Chocolate,high,"Marzipan is an almond-based confectionery product, typically chocolate-coated or plain. Falls under Confectionery & Chocolate per conflict rules."
supplier_products,6db06961-f29a-4d13-a527-9b82f3e77695,Chocolate Gift Assortments,18f4fb10-0337-45c8-a9d3-d063052db846,ff37e8ca-cb21-42c1-9955-7eb1f6132f06,Confectionery & Chocolate,high,Chocolate gift assortments are chocolate-based confectionery products; explicit conflict rule assigns chocolate to Confectionery & Chocolate.
supplier_products,3f7e82a1-8f06-455d-bc5d-5db989861e3e,Foodservice Bulk Nougat Blocks,18f4fb10-0337-45c8-a9d3-d063052db846,ff37e8ca-cb21-42c1-9955-7eb1f6132f06,Confectionery & Chocolate,high,"Nougat is a confectionery product made with sugar, egg whites, and nuts/fruit. Foodservice bulk blocks are finished confectionery goods, not ingredients."
supplier_products,f6ffb93b-2f04-4e41-b711-3be652a91ac4,Filled Nougat Bars,18f4fb10-0337-45c8-a9d3-d063052db846,ff37e8ca-cb21-42c1-9955-7eb1f6132f06,Confectionery & Chocolate,high,"Filled nougat bars are chocolate-coated or chocolate-based confectionery products, matching the Confectionery & Chocolate category per conflict rules."
supplier_products,6bbb3046-ef6b-4d6f-b67b-a5a3e40a9cb3,Savoy Cabbage,18f4fb10-0337-45c8-a9d3-d063052db846,unclassified,Unclassified,high,"Savoy cabbage is a fresh vegetable. No fresh produce category exists in the allowed list. Canned Vegetables & Pulses applies only to processed/preserved forms, not fresh cabbage."
supplier_products,e7a22558-d095-432a-9999-5d702f6ae18b,Extra Jams,18f4fb10-0337-45c8-a9d3-d063052db846,24768201-755e-4560-b283-46cbbabcd27b,Specialty Sauces & Condiments,high,"Jams are preserved fruit spreads, classified as condiments/spreads under Specialty Sauces & Condiments"
supplier_products,1bc735ec-bba2-4d17-a109-b4ba45af4d27,Fruit Jams,18f4fb10-0337-45c8-a9d3-d063052db846,6b051f68-90c2-4ba4-9535-f678cd268cf8,Canned & Preserved Goods,high,"Fruit jams are preserved fruit products, classified as canned & preserved goods"
supplier_products,23429350-3aab-42a3-adc1-29db4185818a,Fruit Spreads,18f4fb10-0337-45c8-a9d3-d063052db846,85998961-842d-4171-9198-07f8a7409b9d,"Fats, Oils & Spreads",high,"Fruit spreads are sweet spreads/pastes, classified under Fats, Oils & Spreads per conflict rules for spread products"
supplier_products,45e570e5-a7d3-4449-8dfb-acc7edc16a00,Green Cabbage,18f4fb10-0337-45c8-a9d3-d063052db846,unclassified,Unclassified,high,"Green cabbage is a fresh produce item. No fresh vegetables category exists in the allowed list. Canned Vegetables & Pulses is for preserved/canned only, not fresh produce."
supplier_products,6f444304-9a23-4e9b-9661-be820a25aed4,Marmalades,18f4fb10-0337-45c8-a9d3-d063052db846,6b051f68-90c2-4ba4-9535-f678cd268cf8,Canned & Preserved Goods,high,"Marmalades are fruit preserves/jams in canned/jarred form, fitting Canned & Preserved Goods category"
supplier_products,b15ede69-a184-4cc9-9b19-4348a7a04c39,DoOra Extra Jams,18f4fb10-0337-45c8-a9d3-d063052db846,24768201-755e-4560-b283-46cbbabcd27b,Specialty Sauces & Condiments,high,"Jams are fruit preserves/spreads typically classified as condiments and shelf-stable spreads in food sourcing, fitting Specialty Sauces & Condiments"
supplier_products,a22584d7-bcd4-436f-8059-cfcb68478177,Sweet Corn,18f4fb10-0337-45c8-a9d3-d063052db846,bd1da832-15dd-4186-b365-3e26b38bbdbe,Canned Vegetables & Pulses,high,"Sweet corn is a vegetable product, typically canned or preserved; matches Canned Vegetables & Pulses category"
supplier_products,ae90f0b3-d2b6-46d3-b136-c5ea956daa44,Table Beet,18f4fb10-0337-45c8-a9d3-d063052db846,unclassified,Unclassified,high,Table beet is a vegetable product; 'Other' designation suggests canned or preserved form typical of B2B sourcing
supplier_products,e9af9efd-2e17-412e-a6d2-95a7f372d303,Almond and Honey Nougat,18f4fb10-0337-45c8-a9d3-d063052db846,ff37e8ca-cb21-42c1-9955-7eb1f6132f06,Confectionery & Chocolate,high,"Almond and honey nougat is a confectionery product — a candy/sweet treat made with nougat base, almonds, and honey. Falls under Confectionery & Chocolate per conflict rules."
supplier_products,3a5be11e-16ab-4f9e-94b8-da1fdf809051,Fresh Vegetables,18f4fb10-0337-45c8-a9d3-d063052db846,unclassified,Unclassified,high,"Fresh vegetables are not represented in the allowed category list. The closest option 'Canned Vegetables & Pulses' is for preserved/canned goods only, not fresh produce."
supplier_products,77ae061a-47f8-40f7-a569-e5918488305d,Fresh Root Vegetables,18f4fb10-0337-45c8-a9d3-d063052db846,unclassified,Unclassified,high,"Fresh root vegetables are produce/fresh produce, not represented in the allowed category list. No matching category exists for fresh vegetables."
supplier_products,256c43e5-d866-45ec-ae1a-bc626204f2a0,Fresh Vegetables,18f4fb10-0337-45c8-a9d3-d063052db846,unclassified,Unclassified,high,Fresh vegetables are not represented in the allowed category list. Fresh produce falls outside the scope of this B2B food sourcing platform's current classifications.
supplier_products,6c52b127-62cb-41a2-b8d8-1448bdf682e3,Nuts & Seeds,18f4fb10-0337-45c8-a9d3-d063052db846,unclassified,Unclassified,high,"Nuts & Seeds are not represented in the allowed category list. No category explicitly covers tree nuts, seeds, or nut/seed products."
supplier_products,15ae4883-2ea8-4c18-b0b9-473aa7a2b8fa,Dried Fruits,18f4fb10-0337-45c8-a9d3-d063052db846,unclassified,Unclassified,high,"Dried fruits do not fit any allowed category. Not a snack, cereal, biscuit, confectionery, canned good, vegetable, tomato product, meat, fish, dairy, dessert, ingredient, herb, protein, bread, sauce, beverage, oil, pasta, prepared meal, or sweetener."
supplier_products,96af50d6-a997-4e48-9f81-d7e296d4cb4f,Baby Food,18f4fb10-0337-45c8-a9d3-d063052db846,unclassified,Unclassified,high,Baby Food is a specialized category not present in the allowed list. No single allowed category accurately represents infant/baby food products.
supplier_products,070b93f5-5500-44ee-bed1-ca8f39464b57,Spring Honey,18f4fb10-0337-45c8-a9d3-d063052db846,baf81f58-194d-4810-9367-152fac1349bf,Sugars & Sweeteners,high,"Honey is explicitly a sweetener product per conflict rules: 'Honey, syrups, sugar, sweetener solutions -> Sugars & Sweeteners'"
supplier_products,8f0dda96-b2e1-4bf9-b91e-422b4ce899c5,Cherry Wine Gummies,18f4fb10-0337-45c8-a9d3-d063052db846,ff37e8ca-cb21-42c1-9955-7eb1f6132f06,Confectionery & Chocolate,high,"Cherry Wine Gummies are a confectionery product (gummies/candy). Wine gummies are sugar-based sweets, fitting Confectionery & Chocolate category."
supplier_products,8631504f-3c4b-4746-8c59-25296f05a3d5,Frederiksdal Cherry Chocolate,18f4fb10-0337-45c8-a9d3-d063052db846,ff37e8ca-cb21-42c1-9955-7eb1f6132f06,Confectionery & Chocolate,high,Cherry Chocolate product — chocolate-coated/chocolate confectionery falls under Confectionery & Chocolate per conflict rules.
supplier_products,48a71e91-e180-480f-892c-f4283c00baaf,Organic Eggs,18f4fb10-0337-45c8-a9d3-d063052db846,ab9f8022-0f59-4d96-883d-19367680461f,Dairy Products & Analogues,high,Organic eggs are a dairy/protein product; best fit is Dairy Products & Analogues
supplier_products,f2186c69-2258-4cc2-a7b5-b30bfec60142,Organic Vegetables,18f4fb10-0337-45c8-a9d3-d063052db846,unclassified,Unclassified,high,Organic Vegetables (fresh produce) does not match any allowed category. Fresh vegetables are not covered in this classification schema.
supplier_products,718e9925-4a73-42fe-a677-7521c864adb1,Dried Root Vegetables,18f4fb10-0337-45c8-a9d3-d063052db846,unclassified,Unclassified,high,"Dried root vegetables are preserved vegetable products. While 'Canned Vegetables & Pulses' exists, dried root vegetables (carrots, parsnips, beets, etc.) are not canned but are preserved goods. 'Canned & Preserved Goods' is the best fit for dried/dehydrated preserved vegetables."
supplier_products,7572401e-8f79-4239-9287-4e387197a21e,Portobello Mushrooms,18f4fb10-0337-45c8-a9d3-d063052db846,unclassified,Unclassified,high,Portobello mushrooms are fresh produce/vegetables. No matching category in allowed list covers fresh vegetables or produce.
supplier_products,11657065-64f7-4612-8a98-1bcda1e5afe1,Eringi Mushrooms,18f4fb10-0337-45c8-a9d3-d063052db846,unclassified,Unclassified,high,Eringi mushrooms are fresh produce/vegetables. No fresh produce category exists in allowed list.
supplier_products,a3cf45db-99d9-42a0-8c04-60a7b264ff28,Shiitake Mushrooms,18f4fb10-0337-45c8-a9d3-d063052db846,unclassified,Unclassified,high,Shiitake mushrooms are fresh produce/vegetables. No matching category in allowed list covers fresh vegetables or mushrooms.
supplier_products,b45efe03-5cb1-4fe9-9985-6e42b6b5f1e4,Põnn Baby Food Porridge,18f4fb10-0337-45c8-a9d3-d063052db846,unclassified,Unclassified,high,Baby food porridge is a specialized infant nutrition product not represented in the allowed B2B food sourcing categories. It does not fit Breakfast Cereals (adult product) or any other available category.
supplier_products,5ca708d8-bc59-4ab1-a7aa-2d214222ec49,Fresh Alphonso Mango,18f4fb10-0337-45c8-a9d3-d063052db846,unclassified,Unclassified,high,"Fresh Alphonso Mango is a fresh fruit product. No fresh produce category exists in the allowed list. All available categories are processed/packaged foods, ingredients, or specific protein/dairy products."
supplier_products,fb933ba2-ec8e-4f8d-9ff9-594324164f18,Fresh Pumpkins,18f4fb10-0337-45c8-a9d3-d063052db846,unclassified,Unclassified,high,Fresh pumpkins are whole produce items; no matching fresh produce/vegetables category exists in the allowed list
supplier_products,277ea975-a254-4f65-bcf2-8509c48fd8d1,Fresh Beetroots,18f4fb10-0337-45c8-a9d3-d063052db846,unclassified,Unclassified,high,"Fresh beetroots are raw produce/vegetables. No allowed category covers fresh produce; closest options (Canned Vegetables & Pulses, Ingredients & Additives) are for processed/preserved or raw B2B inputs only, not fresh retail produce."
supplier_products,ab602226-1262-4c24-8c13-2710033e9b0a,Fresh Cucumbers,18f4fb10-0337-45c8-a9d3-d063052db846,unclassified,Unclassified,high,Fresh cucumbers are a fresh produce item not covered by any allowed category in this B2B food sourcing platform taxonomy
supplier_products,cbf40088-26ea-42f9-81a9-9760cc5870b1,Pumpkin Products,18f4fb10-0337-45c8-a9d3-d063052db846,6b051f68-90c2-4ba4-9535-f678cd268cf8,Canned & Preserved Goods,high,"Pumpkin products (puree, canned, preserved) fall under Canned & Preserved Goods as a general preserved vegetable product category."
supplier_products,0aba0f06-4189-4fc0-9dde-668af28d0f55,Freeze Dried Pet Treats,18f4fb10-0337-45c8-a9d3-d063052db846,unclassified,Unclassified,high,Pet treats are not food for human consumption. This B2B food sourcing platform serves human food categories only. No allowed category accommodates pet products.
supplier_products,ef05aeef-6e22-43f2-99e0-da74231b2cff,Tunisian Dates,18f4fb10-0337-45c8-a9d3-d063052db846,unclassified,Unclassified,high,Dates are a fresh/dried fruit product. No matching category in allowed list covers fresh or dried fruits/produce.
supplier_products,275c32ae-45e8-4a55-b042-a92e7860f0a8,Brown Mushrooms,18f4fb10-0337-45c8-a9d3-d063052db846,unclassified,Unclassified,high,"Brown mushrooms are fresh produce; no allowed category covers fresh vegetables/fungi. Closest option 'Canned Vegetables & Pulses' requires preserved/canned state, not applicable here."
supplier_products,1d19aa76-1e83-450f-b90f-016ea820f3ff,Sorted Unpeeled Potatoes,18f4fb10-0337-45c8-a9d3-d063052db846,unclassified,Unclassified,high,"Sorted unpeeled potatoes are fresh produce, not in any allowed category. The allowed list contains no Fresh Produce or Vegetables category."
supplier_products,5879c234-8d13-4060-99b1-0a7ff3bd5867,Washed Unpeeled Potatoes,18f4fb10-0337-45c8-a9d3-d063052db846,unclassified,Unclassified,high,"Washed unpeeled potatoes are fresh produce (root vegetables), not covered by any allowed category in this B2B food sourcing platform's classification scheme."
supplier_products,34e46f52-5484-4daa-acf1-25681c4f15eb,Fresh Wild Mushrooms,18f4fb10-0337-45c8-a9d3-d063052db846,unclassified,Unclassified,high,"Fresh wild mushrooms are a fresh produce item. No produce category exists in the allowed list. Mushrooms are not preserved/canned goods, not an ingredient additive, and not a finished food product matching any allowed category."
supplier_products,6ff195e5-d3a6-4fa9-abbf-2ac25248546d,Dried Mushrooms,18f4fb10-0337-45c8-a9d3-d063052db846,bd1da832-15dd-4186-b365-3e26b38bbdbe,Canned Vegetables & Pulses,high,"Dried mushrooms are a preserved vegetable product, best classified under Canned Vegetables & Pulses as the closest match for shelf-stable preserved produce."
supplier_products,8247a886-2898-4690-bb06-47d59ef07bb1,Gourmet Specialty Mushrooms,18f4fb10-0337-45c8-a9d3-d063052db846,unclassified,Unclassified,high,"Gourmet specialty mushrooms are fresh produce/fungi, not matching any allowed category. Closest would be 'Canned Vegetables & Pulses' only if preserved, but product text indicates fresh gourmet mushrooms."
supplier_products,24653780-3b6d-4364-bb75-38790426585b,Organic Honey,18f4fb10-0337-45c8-a9d3-d063052db846,baf81f58-194d-4810-9367-152fac1349bf,Sugars & Sweeteners,high,"Honey is explicitly listed in conflict rules as a Sugars & Sweeteners product, regardless of organic certification."
supplier_products,419b9478-e1fe-4cab-ac29-717f816e5f35,Honey,18f4fb10-0337-45c8-a9d3-d063052db846,baf81f58-194d-4810-9367-152fac1349bf,Sugars & Sweeteners,high,Honey is explicitly listed in conflict rules as a Sugars & Sweeteners category product
supplier_products,cce20f17-bee4-45b1-8472-159c09b578b4,Fresh Chestnuts,18f4fb10-0337-45c8-a9d3-d063052db846,unclassified,Unclassified,high,Fresh chestnuts are a raw produce item; no allowed category exists for fresh fruits/nuts/produce in this B2B food sourcing platform taxonomy.
supplier_products,138a7324-7506-485a-9085-90756b622b25,Reglero Products,18f4fb10-0337-45c8-a9d3-d063052db846,unclassified,Unclassified,high,'Reglero Products — Other' is a vendor/brand label with no explicit product descriptor. Cannot classify without knowing actual product type.
supplier_products,cbc7e6e8-0b2c-4013-8d7e-8e401f26c44e,Peeled and Cut Potatoes,18f4fb10-0337-45c8-a9d3-d063052db846,unclassified,Unclassified,high,"Peeled and cut potatoes are fresh/prepared vegetable products. No allowed category matches: not canned/preserved, not a finished meal, not an ingredient/additive in B2B sense. Closest 'Canned Vegetables & Pulses' requires preservation format. Product falls outside provided taxonomy."
supplier_products,01e2d2fb-568b-4676-9505-343169eb8372,Chocolate Turrón,18f4fb10-0337-45c8-a9d3-d063052db846,ff37e8ca-cb21-42c1-9955-7eb1f6132f06,Confectionery & Chocolate,high,"Chocolate Turrón is a chocolate-based confectionery product. Per conflict rules, chocolate/chocolate-coated products -> Confectionery & Chocolate."
supplier_products,c345fabd-b0b3-4878-8595-5d4617b3f7c2,Crunchy Filled Turrón Bars,18f4fb10-0337-45c8-a9d3-d063052db846,ff37e8ca-cb21-42c1-9955-7eb1f6132f06,Confectionery & Chocolate,high,"Turrón bars are a traditional confectionery product made with nuts, honey, and nougat. Despite 'filled' descriptor, they are fundamentally chocolate/confectionery products, not plain biscuits/bars."
supplier_products,df9e0b63-746b-4008-b91c-a6aa32e4e1f8,Marzipan Figurines,18f4fb10-0337-45c8-a9d3-d063052db846,ff37e8ca-cb21-42c1-9955-7eb1f6132f06,Confectionery & Chocolate,high,"Marzipan figurines are almond-paste confectionery products, clearly falling under Confectionery & Chocolate per conflict rules."
supplier_products,1f79fc59-2831-4650-a5b5-7982bd410277,Marzipan Bars,18f4fb10-0337-45c8-a9d3-d063052db846,ff37e8ca-cb21-42c1-9955-7eb1f6132f06,Confectionery & Chocolate,high,"Marzipan bars are chocolate-coated or chocolate-containing confectionery products made from almond paste and sugar, falling squarely under Confectionery & Chocolate per conflict rules."
supplier_products,bed9c2b0-f0c6-4a13-bc9e-72ae3658b9ad,Assorted Marzipan Pieces,18f4fb10-0337-45c8-a9d3-d063052db846,ff37e8ca-cb21-42c1-9955-7eb1f6132f06,Confectionery & Chocolate,high,"Marzipan is an almond-paste confection, typically chocolate-coated or glazed; falls under Confectionery & Chocolate category"
supplier_products,902b1a23-485b-44d3-82aa-5d64dcc7f312,Chocolate Bars,18f4fb10-0337-45c8-a9d3-d063052db846,ff37e8ca-cb21-42c1-9955-7eb1f6132f06,Confectionery & Chocolate,high,"Chocolate bars are explicitly chocolate products, matching the conflict rule: Chocolate / chocolate-coated / spreads → Confectionery & Chocolate"
supplier_products,d2c87ff9-4c20-4605-9de6-db8135f08f0a,Chocolate-Coated Confectionery,18f4fb10-0337-45c8-a9d3-d063052db846,ff37e8ca-cb21-42c1-9955-7eb1f6132f06,Confectionery & Chocolate,high,Chocolate-coated confectionery explicitly matches conflict rule: Chocolate/chocolate-coated → Confectionery & Chocolate
supplier_products,3b5e1a27-8033-48ed-8ed7-0201c7e4ebab,Raisins,18f4fb10-0337-45c8-a9d3-d063052db846,unclassified,Unclassified,high,Raisins are dried fruit; no allowed category explicitly covers dried fruit or nuts/dried goods. Closest match (Breakfast Cereals) does not apply—raisins are not cereals. Cannot force into Confectionery (not chocolate/candy) or Sugars (not sweetener solution). Requires dedicated Dried Fruit category.
supplier_products,cc746ca1-d337-4bc8-9c3d-0ade105378aa,Black Currant Corinthian Raisin,18f4fb10-0337-45c8-a9d3-d063052db846,6b051f68-90c2-4ba4-9535-f678cd268cf8,Canned & Preserved Goods,high,"Black currant and Corinthian raisins are dried fruits, typically preserved/canned goods in B2B food sourcing contexts."
supplier_products,b3e01a19-8c8f-456e-a996-89ac587d2001,Dried Figs,18f4fb10-0337-45c8-a9d3-d063052db846,6b051f68-90c2-4ba4-9535-f678cd268cf8,Canned & Preserved Goods,high,"Dried figs are preserved fruit, classified as canned & preserved goods in B2B food sourcing."
supplier_products,485724c4-975b-4afa-865b-a5930b4938e3,Prepared Food Items,18f4fb10-0337-45c8-a9d3-d063052db846,unclassified,Unclassified,high,"'Prepared Food Items — Other' is a generic placeholder category with no specific product details. Cannot assign to a concrete category without knowing actual product composition, form, or intended use."
supplier_products,d1d81793-af6f-41e9-8f71-934d392c4183,Dodecanese Honey,18f4fb10-0337-45c8-a9d3-d063052db846,baf81f58-194d-4810-9367-152fac1349bf,Sugars & Sweeteners,high,Honey is explicitly a sweetener product per conflict rules (Sugars & Sweeteners category). Dodecanese Honey is a natural honey product from Greece.
supplier_products,f81ef345-8e34-4329-9673-6246702f5ef3,Asian Food Products,18f4fb10-0337-45c8-a9d3-d063052db846,unclassified,Unclassified,high,"'Asian Food Products — Other' is a vague umbrella category with no specific product details. Cannot assign to a single category without knowing actual product type (noodles, sauces, snacks, preserved goods, etc.). Requires product-level clarification."
supplier_products,90a4cac2-9a16-46a6-a7de-d5e1e329409f,Baby Food Purees in Pouch,18f4fb10-0337-45c8-a9d3-d063052db846,unclassified,Unclassified,high,Baby food purees in pouches are specialized infant nutrition products not represented in the allowed B2B food sourcing categories. This is a distinct product segment requiring dedicated classification.
supplier_products,f748dcf2-2613-4a5b-9567-c1c1834d85e5,Greek Honey,18f4fb10-0337-45c8-a9d3-d063052db846,baf81f58-194d-4810-9367-152fac1349bf,Sugars & Sweeteners,high,"Honey is explicitly a sweetener product per conflict rules (Honey, syrups, sugar, sweetener solutions → Sugars & Sweeteners)"
supplier_products,474606f0-22fd-4b6a-b152-c27227ffbb69,Greek Yogurt & Honey Body Butter,18f4fb10-0337-45c8-a9d3-d063052db846,unclassified,Unclassified,high,"Greek Yogurt & Honey Body Butter is a cosmetic/personal care product, not a food item. No B2B food sourcing category applies."
supplier_products,c279291c-c4bb-4089-bbd9-b9f17676ddab,Whole Truffle Pieces,18f4fb10-0337-45c8-a9d3-d063052db846,ff37e8ca-cb21-42c1-9955-7eb1f6132f06,Confectionery & Chocolate,high,"Truffle pieces are chocolate confectionery products, typically chocolate-coated or chocolate-based luxury candies."
supplier_products,57031019-d418-413d-9e91-88f01a5d6a0d,Truffle Street Food Specialties,18f4fb10-0337-45c8-a9d3-d063052db846,unclassified,Unclassified,high,"'Truffle Street Food Specialties — Other' is vague and lacks explicit product description. Truffle products could span multiple categories (Specialty Sauces, Savory Snacks, Ingredients) without clear intent. Cannot classify without specific product details."
supplier_products,07fde789-35c6-4607-873e-5b6929aed55f,Cashew Kernels WW180,18f4fb10-0337-45c8-a9d3-d063052db846,unclassified,Unclassified,high,"Cashew kernels are tree nuts/dried fruits—no matching category in allowed list. Not savory snacks (plain nut kernels), not confectionery, not ingredients/additives (B2B raw inputs only, but this is a finished retail nut product)."
supplier_products,97395f81-e25e-4b11-b01e-dcd1e1ea7cba,Cashew Kernels WW240,18f4fb10-0337-45c8-a9d3-d063052db846,unclassified,Unclassified,high,"Cashew kernels are a tree nut commodity. None of the allowed categories explicitly cover nuts, dried fruits, or nut products. While 'Savory Snacks & Cereals' might superficially seem to fit, cashew kernels are a raw ingredient/commodity, not a finished snack product, and the category is primarily for processed snacks and cereals. No appropriate category exists in the allowed list."
supplier_products,273161dc-8a17-43a8-97cc-05b7c39c9381,Sultanina Raisins,18f4fb10-0337-45c8-a9d3-d063052db846,unclassified,Unclassified,high,"Sultanina raisins are dried fruit; no allowed category explicitly covers dried fruits, nuts, or produce. Closest match 'Canned & Preserved Goods' is for shelf-stable processed/preserved items, not dried fruit commodity."
supplier_products,9a608209-c7bf-4117-a0fc-a5e8aa3a3cae,Cashew Kernels SP (Small Pieces),18f4fb10-0337-45c8-a9d3-d063052db846,unclassified,Unclassified,high,"Cashew kernels (nuts in small pieces) do not match any allowed category. Not a snack (raw ingredient form), not protein-focused for Plant-Based Proteins bucket, not an additive/ingredient for B2B raw inputs only."
supplier_products,258cf150-786b-4a18-8da1-f6af547eb0f3,Mastiha Gift Assortments,18f4fb10-0337-45c8-a9d3-d063052db846,unclassified,Unclassified,high,"Mastiha is a Greek resin/gum product used as flavoring/ingredient or in traditional confections, but 'Gift Assortments' indicates a mixed retail gift set. Without explicit product composition details, cannot assign to a single category. Mastiha alone would be Ingredients & Additives, but gift assortments are B2C retail packages outside B2B food sourcing scope."
supplier_products,8b8c8345-f75a-42cd-b75e-9b3d225a2fd8,Boxed Chocolate Assortments,18f4fb10-0337-45c8-a9d3-d063052db846,ff37e8ca-cb21-42c1-9955-7eb1f6132f06,Confectionery & Chocolate,high,Boxed chocolate assortments are chocolate products; conflict rule explicitly assigns chocolate/chocolate-coated items to Confectionery & Chocolate.
supplier_products,ab7d1478-b4f6-4cc5-8b5d-deb5db420008,Instant Dry Soups,18f4fb10-0337-45c8-a9d3-d063052db846,c49e821f-fff8-4ac1-af10-c6db4c8564ab,Prepared Meals (Frozen & Shelf-Stable),high,Instant dry soups are shelf-stable prepared meals requiring only water/liquid rehydration before consumption.
supplier_products,2325d58a-0e61-4299-90f8-c349fcf02c65,Traditional Refrigerated Foods,18f4fb10-0337-45c8-a9d3-d063052db846,unclassified,Unclassified,high,"'Traditional Refrigerated Foods — Other' is a vague category header with no specific product details. Cannot assign to any allowed category without knowing actual product type (dairy, meat, prepared meal, etc.). Requires product specification."
supplier_products,d763ab6f-7dab-4d9e-aab3-76ddff374ef4,Infant Cereals,18f4fb10-0337-45c8-a9d3-d063052db846,a230a819-c000-4eee-b56e-3eea4e4f350c,Breakfast Cereals,high,"Infant cereals are a specialized subset of breakfast cereals, formulated for infants. Best match is 'Breakfast Cereals' category."
supplier_products,e300ae49-7fd2-4c62-8aa3-63c417304f06,Ready Meals,18f4fb10-0337-45c8-a9d3-d063052db846,c49e821f-fff8-4ac1-af10-c6db4c8564ab,Prepared Meals (Frozen & Shelf-Stable),high,"Ready Meals — Other is explicitly a prepared meal product, matching 'Prepared Meals (Frozen & Shelf-Stable)' category definition."
supplier_products,e451d722-6c20-411c-8278-74c725f38117,Breakfast Cereals,18f4fb10-0337-45c8-a9d3-d063052db846,a230a819-c000-4eee-b56e-3eea4e4f350c,Breakfast Cereals,high,Product explicitly labeled 'Breakfast Cereals — Other' maps directly to 'Breakfast Cereals' category
supplier_products,cd0a4837-2fee-41ed-9dc1-1032e1143b7f,Dark Chocolate Bars,18f4fb10-0337-45c8-a9d3-d063052db846,ff37e8ca-cb21-42c1-9955-7eb1f6132f06,Confectionery & Chocolate,high,Dark chocolate bars are chocolate products; conflict rule explicitly assigns chocolate/chocolate-coated items to Confectionery & Chocolate
supplier_products,27b795fa-2bb7-46a6-8342-6c131ca4c0bf,Cashew Kernels LP (Large Pieces),18f4fb10-0337-45c8-a9d3-d063052db846,unclassified,Unclassified,high,"Cashew kernels are tree nuts, not covered by allowed categories. Closest match (Savory Snacks & Cereals) requires explicit snack/cereal processing; plain nuts alone do not qualify."
supplier_products,420b04e5-f5f3-4a37-9038-148f6bdc1136,Chocolate Pralines,18f4fb10-0337-45c8-a9d3-d063052db846,ff37e8ca-cb21-42c1-9955-7eb1f6132f06,Confectionery & Chocolate,high,Chocolate pralines are chocolate confections; falls under explicit conflict rule: 'Chocolate / chocolate-coated / spreads -> Confectionery & Chocolate'
supplier_products,54295f59-467a-45b2-b659-093d1b4819a7,Calf Hides and Skins,18f4fb10-0337-45c8-a9d3-d063052db846,unclassified,Unclassified,high,"Calf hides and skins are animal by-products/raw materials for leather/hide processing, not food products. No food category applies."
supplier_products,c18d42f0-aa2e-458e-9864-6264868fd21e,Peeled Chestnuts,18f4fb10-0337-45c8-a9d3-d063052db846,6b051f68-90c2-4ba4-9535-f678cd268cf8,Canned & Preserved Goods,high,"Peeled chestnuts are preserved/processed nuts, best classified under Canned & Preserved Goods as a shelf-stable prepared ingredient."
supplier_products,e17542f4-1778-4898-abe0-133d4c96cf85,Cooked Chestnuts,18f4fb10-0337-45c8-a9d3-d063052db846,6b051f68-90c2-4ba4-9535-f678cd268cf8,Canned & Preserved Goods,high,"Cooked chestnuts are a preserved/processed nut product, best classified as Canned & Preserved Goods. Not a vegetable/pulse, not a snack in retail form, not a protein isolate."
supplier_products,4827699b-cd2c-43e5-a5ff-e26d28389d06,Vacuum-Packed Chestnuts,18f4fb10-0337-45c8-a9d3-d063052db846,6b051f68-90c2-4ba4-9535-f678cd268cf8,Canned & Preserved Goods,high,Vacuum-packed chestnuts are preserved nuts; Canned & Preserved Goods is the appropriate category for shelf-stable packaged food products.
supplier_products,6bc630c5-da64-4939-8275-67be18aa6b1a,Whole Peeled Chestnuts,18f4fb10-0337-45c8-a9d3-d063052db846,bd1da832-15dd-4186-b365-3e26b38bbdbe,Canned Vegetables & Pulses,high,"Whole peeled chestnuts are a preserved/canned vegetable product, fitting Canned Vegetables & Pulses"
supplier_products,b1d697a0-0dd3-4c76-935d-8fe8113000c6,Broken Chestnuts,18f4fb10-0337-45c8-a9d3-d063052db846,unclassified,Unclassified,high,"Broken chestnuts are a raw nut product; no allowed category covers nuts/seeds as finished goods. Not snacks (unseasoned broken pieces), not confectionery, not an ingredient additive."
supplier_products,0baec744-b7ca-4446-8c3e-5764f0b342a0,Truffle Street Food Specialties,18f4fb10-0337-45c8-a9d3-d063052db846,unclassified,Unclassified,high,"'Truffle Street Food Specialties — Other' is a vendor/brand label, not a product. No specific product type identified. Cannot classify without product details."
supplier_products,ade024d6-5da5-4fdf-b43b-9cb1eba9e1c0,Bean-to-Bar Chocolate Bars,18f4fb10-0337-45c8-a9d3-d063052db846,ff37e8ca-cb21-42c1-9955-7eb1f6132f06,Confectionery & Chocolate,high,Bean-to-bar chocolate bars are chocolate products; conflict rule specifies chocolate/chocolate-coated items → Confectionery & Chocolate
supplier_products,cd0692a4-0686-4fe6-8f56-31363ff3ac11,Chilli Chocolate Bar,18f4fb10-0337-45c8-a9d3-d063052db846,ff37e8ca-cb21-42c1-9955-7eb1f6132f06,Confectionery & Chocolate,high,"Chocolate bar product falls under Confectionery & Chocolate per conflict rules, regardless of chilli flavoring variant."
supplier_products,18200a6a-d571-4102-894a-7191083d656a,Filled Chocolate Bars,18f4fb10-0337-45c8-a9d3-d063052db846,ff37e8ca-cb21-42c1-9955-7eb1f6132f06,Confectionery & Chocolate,high,"Filled chocolate bars are chocolate-coated/chocolate products, which per conflict rules must be classified as Confectionery & Chocolate, not Sweet Biscuits & Bars."
supplier_products,3115bc50-a742-46ff-a74d-a7ac12ace4da,Single-Origin Chocolate Tablets,18f4fb10-0337-45c8-a9d3-d063052db846,ff37e8ca-cb21-42c1-9955-7eb1f6132f06,Confectionery & Chocolate,high,"Single-origin chocolate tablets are chocolate products, explicitly mapped to Confectionery & Chocolate per conflict rules."
supplier_products,49466cfe-eb38-46e3-b473-bc0b4b8b8b5b,Filled Chocolate Bars,18f4fb10-0337-45c8-a9d3-d063052db846,ff37e8ca-cb21-42c1-9955-7eb1f6132f06,Confectionery & Chocolate,high,"Filled chocolate bars are chocolate-coated/chocolate confectionery products, which fall under Confectionery & Chocolate per conflict rules."
supplier_products,ffa9354e-3f64-4c26-a400-34885fbb3a06,Chocolate Pralines,18f4fb10-0337-45c8-a9d3-d063052db846,ff37e8ca-cb21-42c1-9955-7eb1f6132f06,Confectionery & Chocolate,high,"Chocolate pralines are chocolate-based confectionery products. Per conflict rules, chocolate/chocolate-coated items map to Confectionery & Chocolate."
supplier_products,2510cb68-d112-40b7-9cd1-f87e085b626a,White Chocolate Tablets,18f4fb10-0337-45c8-a9d3-d063052db846,ff37e8ca-cb21-42c1-9955-7eb1f6132f06,Confectionery & Chocolate,high,"White chocolate tablets are chocolate products, explicitly matching the conflict rule: Chocolate / chocolate-coated / spreads → Confectionery & Chocolate"
sourcing_requests,df35d969-af18-42c2-a5c1-688ce49e5d23,"Dutch products- Promotion, Shufersal",a230a819-2dc7-4ee4-a49a-32843af0e1e7,unclassified,Unclassified,low,"Generic promotional text mentioning 'Dutch products' and 'Organic & Natural' from Shufersal without specific product details. No concrete product name, type, or ingredient information to enable accurate classification."
sourcing_requests,2a840b53-b0d4-4440-992a-d2ee5d22e7b1,"Dry fruits- figs and apricots, Shufersal",09fbf6d9-3335-4ab2-a91b-baa5be4e5b10,6b051f68-90c2-4ba4-9535-f678cd268cf8,Canned & Preserved Goods,high,Dry fruits (figs and apricots) are preserved/dried goods that fit Canned & Preserved Goods category
sourcing_requests,23523816-5141-4650-a80c-5301a1aabe67,"Chabad - High kosher products, Chabad of Israel",a230a819-2dc7-4ee4-a49a-32843af0e1e7,unclassified,Unclassified,high,"Supplier/brand descriptor only ('Chabad - High kosher products, Chabad of Israel — Organic & Natural'). No specific product type identified. Requires actual product name/description to classify."
sourcing_requests,f6f0cc2e-d0f2-4939-ad79-e59e748e7fd6,"Chabad - High kosher products, Chabad of Israel",a230a819-2dc7-4ee4-a49a-32843af0e1e7,unclassified,Unclassified,high,"Generic brand/supplier descriptor ('Chabad - High kosher products, Chabad of Israel — Organic & Natural') with no specific product type identified. Requires actual product name/description to classify."
sourcing_requests,adb70121-473e-42fa-9498-c8383e2299ec,"Dutch products- Promotion, Shufersal",a230a819-2dc7-4ee4-a49a-32843af0e1e7,unclassified,Unclassified,low,Text is a promotional header/metadata for Dutch organic products from Shufersal retailer. No specific product type identified. Requires actual product name/description to classify.
sourcing_requests,9cda60cf-c5e7-4aaf-b3c2-503291b2b0c0,"Lemon Juice for salads, Shufersal",0df2b578-f933-46c8-8e0d-be2b1e0b9b4a,24768201-755e-4560-b283-46cbbabcd27b,Specialty Sauces & Condiments,high,"Lemon juice used for salads is a condiment/ingredient for dressing preparation, classified as Specialty Sauces & Condiments rather than Beverages (which would be for drinking purposes)"
sourcing_requests,3f82b720-967f-44e0-b447-514a6013de37,"Chooclate and Candy of Carletti, Foodz",a230a819-2dc7-4ee4-a49a-32843af0e1e7,ff37e8ca-cb21-42c1-9955-7eb1f6132f06,Confectionery & Chocolate,high,Product explicitly states 'Chocolate and Candy' — chocolate and candy products map directly to Confectionery & Chocolate per conflict rules.
sourcing_requests,eba64332-296e-4845-a980-f4758fa83287,"Lemon Juice for salads, Ta'aman",0df2b578-f933-46c8-8e0d-be2b1e0b9b4a,32eace2c-ac37-4168-b93b-005748119293,Beverages (Non-Alcoholic),high,"Lemon juice is a liquid beverage product. Despite mention of 'for salads' (usage context), it is explicitly categorized as 'Beverages' in the source text. Classified as non-alcoholic beverage."
sourcing_requests,2cfe7294-f908-47cc-8260-7a573ca03bad,"Serena, organic dry fruits, Shufersal",09fbf6d9-3335-4ab2-a91b-baa5be4e5b10,unclassified,Unclassified,high,"Dry fruits are not explicitly covered by any allowed category. Not a snack/cereal, biscuit, breakfast cereal, confectionery, preserved good, vegetable, protein, herb, sauce, beverage, oil, pasta, prepared meal, or sweetener. Requires B2B dried fruit category not in list."
sourcing_requests,a9898d19-3aa7-4eb3-b4c3-95690699b99d,"vacuum‑packed, ready‑to‑eat vegetables",239f92a7-2e23-4091-8dde-b1dfc61e7de3,bd1da832-15dd-4186-b365-3e26b38bbdbe,Canned Vegetables & Pulses,high,"Vacuum-packed, ready-to-eat vegetables are preserved/processed vegetables, matching Canned Vegetables & Pulses category. Not fresh produce (no fresh category available), not frozen (would be Prepared Meals), not a protein product."
sourcing_requests,9aff58e2-0313-44a6-81de-0d3addb9e8a5,"Sultanas Organic 250 and 500  gr., Shufersal",e1d49541-c997-417f-9c0f-e141e1a38019,unclassified,Unclassified,high,"Sultanas are dried grapes, a sweet dried fruit typically classified as confectionery/candy product in B2B food sourcing."
sourcing_requests,2dd6f011-4912-4fa3-88f7-09cf7600b7a2,גרנולות - אורגניות',a230a819-2dc7-4ee4-a49a-32843af0e1e7,a230a819-c000-4eee-b56e-3eea4e4f350c,Breakfast Cereals,high,"Granola is a breakfast cereal product, typically made from oats, grains, and other ingredients. The organic/natural label does not change its core classification."
sourcing_requests,6bf54bf7-6108-4405-b860-4a958d9b53a2,import processed garlic products,239f92a7-2e23-4091-8dde-b1dfc61e7de3,0a8f2c3c-b4ed-4759-849d-a545cdf551a2,Ingredients & Additives,high,"Processed garlic products are B2B raw ingredient inputs for food manufacturing, matching Ingredients & Additives. Hebrew marketing boilerplate 'Fresh Produce' ignored per protocol."
sourcing_requests,289d5ccf-16ba-44f6-8434-11460fa52ae3,גרנולות - אורגניות',a230a819-2dc7-4ee4-a49a-32843af0e1e7,a230a819-c000-4eee-b56e-3eea4e4f350c,Breakfast Cereals,high,"Granola (גרנולות) is a breakfast cereal product - a ready-to-eat cereal mixture of oats, nuts, and dried fruit, typically consumed at breakfast."
sourcing_requests,6be53460-6a07-498b-82e0-808bf3af149f,"Tea for Shufersal's Private label, Shufersal",0df2b578-f933-46c8-8e0d-be2b1e0b9b4a,32eace2c-ac37-4168-b93b-005748119293,Beverages (Non-Alcoholic),high,Tea is a beverage product. Explicit category 'Beverages (Non-Alcoholic)' matches directly.
sourcing_requests,b2abad96-55e4-4de8-aa0f-34dc6b5200b7,import processed garlic products,239f92a7-2e23-4091-8dde-b1dfc61e7de3,unclassified,Unclassified,high,"Processed garlic products do not fit any allowed category. Garlic is neither fresh produce (outside scope), herb (Herbs category is for dried/culinary herbs), nor an ingredient additive (B2B raw inputs only). No exact match available."
sourcing_requests,1406bbd7-8797-4100-a165-5017e16af6ff,"Tea for Shufersal's Private label, Shufersal",0df2b578-f933-46c8-8e0d-be2b1e0b9b4a,32eace2c-ac37-4168-b93b-005748119293,Beverages (Non-Alcoholic),high,Tea is a non-alcoholic beverage product for Shufersal's private label line.
sourcing_requests,ac33d87d-96a4-4b99-94ea-ff4fab5c1cf6,"Serena, organic dry fruits, Shufersal",09fbf6d9-3335-4ab2-a91b-baa5be4e5b10,unclassified,Unclassified,high,"Dry fruits are not explicitly covered by allowed categories. Could fit Canned & Preserved Goods or Confectionery, but dry fruits are distinct commodity. No exact match in provided list."
sourcing_requests,712a6648-420d-4613-8b9a-05fa63564e87,"Sultanas Organic 250 and 500  gr., Shufersal",e1d49541-c997-417f-9c0f-e141e1a38019,unclassified,Unclassified,low,JSON parse error
sourcing_requests,d2bab24f-039b-45b8-ab65-068ced72b845,"Lemon Juice for salads, Shufersal",0df2b578-f933-46c8-8e0d-be2b1e0b9b4a,24768201-755e-4560-b283-46cbbabcd27b,Specialty Sauces & Condiments,high,"Lemon juice for salads is a condiment/acidifier used in culinary preparation, despite the 'Beverages' label in source. Belongs in Specialty Sauces & Condiments as a functional ingredient for dressing/seasoning applications."
sourcing_requests,564544bd-0242-4633-9fdd-fc02038b0d88,"Dry fruits- figs and apricots, Shufersal",09fbf6d9-3335-4ab2-a91b-baa5be4e5b10,6b051f68-90c2-4ba4-9535-f678cd268cf8,Canned & Preserved Goods,high,"Dry fruits (figs and apricots) are preserved/dehydrated goods, best classified under Canned & Preserved Goods as the closest match for shelf-stable preserved produce."
sourcing_requests,3b1abf4d-5b43-4b1e-9345-de80c459e1ed,"vacuum‑packed, ready‑to‑eat vegetables",239f92a7-2e23-4091-8dde-b1dfc61e7de3,bd1da832-15dd-4186-b365-3e26b38bbdbe,Canned Vegetables & Pulses,high,"Vacuum-packed, ready-to-eat vegetables are preserved/processed vegetables, matching Canned Vegetables & Pulses category. Hebrew marketing text ignored per instructions."
sourcing_requests,91f169af-5578-4ad0-9232-7bdf4cad9a33,"Lemon Juice for salads, Ta'aman",0df2b578-f933-46c8-8e0d-be2b1e0b9b4a,32eace2c-ac37-4168-b93b-005748119293,Beverages (Non-Alcoholic),high,"Lemon juice is a beverage product, explicitly categorized as such in source text. Despite culinary use in salads, it remains a liquid beverage/juice product."
sourcing_requests,ec14a11b-a776-4788-a7b0-e2cd2b9f0d32,"Chooclate and Candy of Carletti, Foodz",a230a819-2dc7-4ee4-a49a-32843af0e1e7,ff37e8ca-cb21-42c1-9955-7eb1f6132f06,Confectionery & Chocolate,high,Product explicitly mentions 'Chocolate and Candy' — chocolate and candy items map directly to Confectionery & Chocolate per conflict rules.
